total_runs,run_rate,average_score,opponent_variability,player_of_the_match,winning_contribution,run_rate_effectiveness,match_id
346.3333333333333,0.8033876397702086,31.093055555555555,4.833333333333333,0.3333333333333333,0.11499611499611499,1.06257649425398,589309
465.0,0.8171040136994057,33.18475274725275,3.8333333333333335,1.5,0.12481644640234947,1.022027591029593,589310
311.5,0.8193513173092892,41.02162698412699,2.6666666666666665,1.3333333333333333,0.12088156723063222,1.0666565331942628,565812
329.0,0.915107415107415,30.44736842105263,4.0,0.3333333333333333,0.05940046967813234,1.1160086969732494,573014
201.16666666666666,0.8273530833402111,36.07553606237817,3.5,0.5,0.04120934365245859,1.1284788740499416,573015
465.0,0.8171040136994057,33.18475274725275,3.8333333333333335,1.5,0.12481644640234947,1.022027591029593,565813
467.6666666666667,0.8048280426448698,48.08552631578948,4.666666666666667,0.8333333333333334,0.09950966198804563,0.9936461031937163,573016
254.5,0.8118859108854708,32.87566137566137,2.1666666666666665,0.5,0.12961322704458225,1.0479783963455365,567358
311.5,0.8193513173092892,41.02162698412699,2.6666666666666665,1.3333333333333333,0.12088156723063222,1.0666565331942628,565814
258.1666666666667,0.8040143386032764,35.88989898989899,2.5,0.5,0.09226841721371261,0.9339710878447884,567359
284.6666666666667,1.0241799777454264,37.42638888888889,2.5,1.3333333333333333,0.11283101412773128,1.7304890568565376,565815
380.8333333333333,0.8551103097412963,44.2938596491228,4.166666666666667,0.6666666666666666,0.08970762036343842,1.0750507694146842,573018
258.1666666666667,0.8040143386032764,35.88989898989899,2.5,0.5,0.09226841721371261,0.9339710878447884,567360
481.0,0.8167459176891357,33.691697191697195,4.166666666666667,1.3333333333333333,0.1330116332486265,1.0361319194576877,565816
235.83333333333334,0.8154122559798394,24.832783882783882,3.0,0.5,0.08333333333333333,1.0385469816468946,573022
276.5,0.8019602039707602,44.62938596491228,3.1666666666666665,0.5,0.06258186158472397,0.9900365049955274,573023
330.8333333333333,0.8295669363188719,47.144537480063796,3.6666666666666665,0.5,0.06813307271417822,1.03034290061055,573024
231.83333333333334,0.8840884701410033,24.432783882783884,3.0,0.5,0.0782336578581363,1.1271239677415683,573025
91.16666666666667,0.6934851987576103,39.34848484848485,1.5,0.16666666666666666,0.018252032775249706,0.8544394576164772,573026
282.1666666666667,0.6384000792912614,34.99722222222223,2.6666666666666665,1.0,0.11089875817850998,0.8098637711227406,569240
200.16666666666666,0.7626384427149323,30.302398989898993,2.5,0.3333333333333333,0.06698273766107464,0.8536439317007721,569241
200.16666666666666,0.7626384427149323,30.302398989898993,2.5,0.3333333333333333,0.06698273766107464,0.8536439317007721,569242
14.166666666666666,0.4639752791068581,14.166666666666666,1.0,0.0,,,593985
260.1666666666667,0.7642668632664232,35.62566137566137,2.1666666666666665,0.5,0.13054955663259724,0.9406299080876652,567368
260.1666666666667,0.7642668632664232,35.62566137566137,2.1666666666666665,0.5,0.13054955663259724,0.9406299080876652,567370
258.3333333333333,0.8144352682701871,39.93677248677248,2.5,0.8333333333333334,0.13685129740518964,0.9491377470408882,567371
190.33333333333334,0.7288171536663287,28.909722222222218,3.1666666666666665,0.16666666666666666,0.09007013658176448,1.1583530126452166,567372
101.83333333333333,0.6845718173745415,22.399999999999995,1.0,0.16666666666666666,0.09903011740684024,0.8922899200406773,623573
105.66666666666667,0.7255463467211639,26.899999999999995,1.0,0.16666666666666666,0.10448534690270178,1.0388199216155631,623574
96.16666666666667,0.8228677752925924,26.024999999999995,1.0,0.3333333333333333,0.0924496766097781,1.1534747136234025,623575
22.5,0.6172696947364339,22.5,1.0,0.0,0.15202702702702703,1.2220271659309128,601613
437.1666666666667,0.9062796566552328,37.43936202686202,3.6666666666666665,0.8333333333333334,0.14128227444154337,1.020423456313804,566923
261.4,0.655556507635851,31.830808080808083,2.4,0.6,0.09991189427312776,0.8386861140110055,566924
459.3333333333333,0.7952480526003729,38.890750915750914,3.8333333333333335,1.0,0.15230635335073978,1.0323322115115605,566925
309.1666666666667,0.8038303297530436,28.948717948717945,2.8333333333333335,1.3333333333333333,0.10934514504081987,0.9568820347089871,578614
314.6666666666667,0.7421317233647636,32.794444444444444,4.5,0.8333333333333334,0.14639739258496406,1.0502142082120034,578615
459.3333333333333,0.7952480526003729,38.890750915750914,3.8333333333333335,1.0,0.15230635335073978,1.0323322115115605,578616
292.1666666666667,0.7675995435293705,36.1412037037037,2.8333333333333335,0.3333333333333333,0.13503305004721433,1.043674513047524,578617
318.0,0.8730808055548782,36.87142857142857,3.5,0.8333333333333334,0.1269113149847095,1.0612606497919994,578618
344.3333333333333,0.7756893069835614,29.685364635364635,4.333333333333333,0.8333333333333334,0.1083694866232827,1.0783265542877614,578619
459.3333333333333,0.7952480526003729,38.890750915750914,3.8333333333333335,1.0,0.15230635335073978,1.0323322115115605,578621
459.3333333333333,0.7952480526003729,38.890750915750914,3.8333333333333335,1.0,0.15230635335073978,1.0323322115115605,578624
292.1666666666667,0.7675995435293705,36.1412037037037,2.8333333333333335,0.3333333333333333,0.13503305004721433,1.043674513047524,578625
318.0,0.8730808055548782,36.87142857142857,3.5,0.8333333333333334,0.1269113149847095,1.0612606497919994,566946
269.3333333333333,0.8540116945966941,35.5412037037037,3.0,0.5,0.13086883903812713,1.1920880362063073,566947
341.5,0.82767953610225,42.85149572649573,2.8333333333333335,1.5,0.12708890356113348,1.0531274569043354,566948
257.5,0.7666046536455918,34.57175925925926,2.6666666666666665,0.3333333333333333,0.10518176170791281,1.0509507219722745,597923
341.5,0.82767953610225,42.85149572649573,2.8333333333333335,1.5,0.12708890356113348,1.0531274569043354,597924
227.0,0.8233345833679285,26.10185185185185,2.6666666666666665,0.3333333333333333,0.08508810635570603,1.1974398232952825,597925
257.5,0.7666046536455918,34.57175925925926,2.6666666666666665,0.3333333333333333,0.10518176170791281,1.0509507219722745,597929
274.5,0.7730652434273481,28.872222222222224,4.166666666666667,0.6666666666666666,0.1131603602057281,1.1861658893179923,645635
344.3333333333333,0.7756893069835614,29.685364635364635,4.333333333333333,0.8333333333333334,0.1083694866232827,1.0783265542877614,645637
278.1666666666667,0.7367565030400279,35.02546296296297,2.6666666666666665,0.16666666666666666,0.13445466066919703,0.9905613159738031,635653
126.33333333333333,0.7683591328295636,32.586111111111116,1.6666666666666667,0.3333333333333333,0.16666666666666666,0.9686538705243359,643665
344.3333333333333,0.7756893069835614,29.685364635364635,4.333333333333333,0.8333333333333334,0.1083694866232827,1.0783265542877614,645643
271.3333333333333,0.8372801505415741,41.51816239316239,2.6666666666666665,1.1666666666666667,0.10854155223934638,1.0453410948489337,643667
210.5,0.883850332747612,28.129761904761903,3.0,0.16666666666666666,0.07257929226736566,1.106298485304672,635655
126.33333333333333,0.7683591328295636,32.586111111111116,1.6666666666666667,0.3333333333333333,0.16666666666666666,0.9686538705243359,643669
279.5,0.8810761265526602,34.00833333333333,3.0,0.6666666666666666,0.1172494539100044,1.1073072630915468,635656
243.16666666666666,0.8042621494767787,32.98935185185186,2.5,0.8333333333333334,0.11425873465533525,1.1286437989243727,635657
126.33333333333333,0.7683591328295636,32.586111111111116,1.6666666666666667,0.3333333333333333,0.16666666666666666,0.9686538705243359,643675
115.83333333333333,0.6601117101491513,29.08611111111111,1.6666666666666667,0.3333333333333333,0.14578983994432845,1.0006588269534897,643677
313.5,0.7021876092174547,26.21664152840624,4.166666666666667,0.8333333333333334,0.09252971137521222,1.0253380086428898,659549
34.4,0.46294415035984066,34.4,1.0,0.0,,,660827
322.3333333333333,0.8045957129975099,27.609803921568627,3.8333333333333335,0.8333333333333334,0.08642395453884782,1.136800272930866,659551
322.3333333333333,0.8491548124346581,27.609803921568627,3.8333333333333335,0.8333333333333334,0.0867126042819329,1.2093195811770892,659553
66.5,0.68038851183531,33.25,2.0,0.16666666666666666,0.16286149162861488,1.1919598648787502,566940
9.333333333333334,0.5140682588825004,9.333333333333334,1.0,0.0,,,660837
186.0,0.8221304960096703,34.041666666666664,2.6666666666666665,0.5,0.08716064502959787,0.9788639093886612,566942
186.0,0.8221304960096703,34.041666666666664,2.6666666666666665,0.5,0.08716064502959787,0.9788639093886612,566944
249.5,0.8513943475660738,38.46666666666666,2.8333333333333335,0.8333333333333334,0.1153036578200284,1.0056019763929493,566945
249.5,0.8513943475660738,38.46666666666666,2.8333333333333335,0.8333333333333334,0.1153036578200284,1.0056019763929493,647249
244.0,0.8826957570187437,35.99166666666667,2.6666666666666665,0.8333333333333334,0.11320574441570573,1.0920219707928096,647251
586.3333333333334,0.8359873932096559,37.80424552299552,6.666666666666667,2.0,0.13607393244104524,1.0574591293400757,647253
244.0,0.8826957570187437,35.99166666666667,2.6666666666666665,0.8333333333333334,0.11320574441570573,1.0920219707928096,647259
315.0,0.7932561468278382,32.57691197691198,4.166666666666667,0.6666666666666666,0.11225165562913908,0.9812150284513176,649091
194.0,0.6883539779736143,27.305555555555554,1.8333333333333333,0.16666666666666666,0.1162528216704289,0.9872917139738332,668955
420.5,0.818097409649241,31.480158730158735,4.5,1.1666666666666667,0.10879741727199355,1.1333904621871487,649093
549.0,0.8458608714545344,36.24207621082621,6.0,1.5,0.1270979392394306,1.0466995256550418,647261
119.0,0.5415142212081194,19.463425925925925,2.0,0.0,0.030634573304157555,0.78717735955247,668957
315.1666666666667,0.8167680028351308,31.384920634920633,4.333333333333333,0.6666666666666666,0.10751048826674199,0.9977674419459591,649095
315.1666666666667,0.8167680028351308,31.384920634920633,4.333333333333333,0.6666666666666666,0.10751048826674199,0.9977674419459591,649097
315.1666666666667,0.8167680028351308,31.384920634920633,4.333333333333333,0.6666666666666666,0.10751048826674199,0.9977674419459591,649099
391.6666666666667,0.746419913960653,28.675011246063878,4.833333333333333,1.0,0.12293144208037825,1.0787135244171342,676529
586.3333333333334,0.8359873932096559,37.80424552299552,6.666666666666667,2.0,0.13607393244104524,1.0574591293400757,676531
423.3333333333333,0.8358417933772313,32.78015873015874,4.5,1.1666666666666667,0.10564971751412429,1.1393205036952774,685731
423.3333333333333,0.8358417933772313,32.78015873015874,4.5,1.1666666666666667,0.10564971751412429,1.1393205036952774,685733
413.5,0.7531810971806806,31.811374882427515,4.666666666666667,0.8333333333333334,0.12659448528485737,1.053909699680841,676533
238.66666666666666,0.7191918433311857,29.59761904761905,3.5,0.8333333333333334,0.06141641587671918,1.0412795350081048,685735
277.5,0.7951107523643209,32.13492063492063,3.6666666666666665,0.6666666666666666,0.09272020129102455,0.9767518506365898,648651
300.5,0.7990648844323319,30.407647907647902,4.333333333333333,0.6666666666666666,0.09746633815636672,0.9666837796616804,648653
219.83333333333334,1.019750474764658,35.030158730158725,2.8333333333333335,0.3333333333333333,0.050492757317021374,1.423490373110419,657637
332.1666666666667,0.9018781376867135,41.1468253968254,3.3333333333333335,1.0,0.07817484520765236,1.201857988020617,657639
338.8333333333333,0.8956612064697822,37.03015873015873,3.6666666666666665,1.0,0.0826946192189518,1.1952630126160508,657641
393.8333333333333,0.8104401168509399,30.766183816183815,6.0,1.0,0.1014358499305234,1.0881935976216968,657643
309.8333333333333,0.8894055218580138,31.88543771043771,3.5,0.8333333333333334,0.13165572574762946,1.0743006995500899,661685
304.1666666666667,0.7764157928318451,33.62539682539683,4.0,0.8333333333333334,0.07599566845220443,1.0878821974974289,657645
208.0,0.7144795312707052,27.15092592592593,2.5,0.5,0.08071966934111356,0.9414909643916284,661689
267.2,0.822008043570392,29.003123543123543,3.6,0.4,0.07460481277519476,0.9245102674059306,661693
464.6666666666667,0.9126047748056876,31.746438746438752,5.0,1.0,0.13011988011988013,1.1617238678329962,636159
464.6666666666667,0.9126047748056876,31.746438746438752,5.0,1.0,0.13011988011988013,1.1617238678329962,636160
352.0,0.9936217852401925,35.89042346542347,3.5,1.0,0.1376189239928438,1.4113542052266175,667641
371.8333333333333,0.9311664296790375,29.227920227920233,4.333333333333333,1.0,0.1098068598068598,1.1765674382573288,636161
30.166666666666668,0.6589819086935406,18.166666666666668,1.5,0.0,0.16666666666666666,0.8098124098124098,696733
36.0,0.6220871845871846,20.583333333333332,1.6666666666666667,0.0,,,696731
371.8333333333333,0.9311664296790375,29.227920227920233,4.333333333333333,1.0,0.1098068598068598,1.1765674382573288,636162
513.6666666666666,0.972711193912121,40.87500418971007,3.1666666666666665,1.3333333333333333,0.10933728330041692,1.0369697815920955,636163
49.833333333333336,0.6257269739234891,19.805555555555554,2.5,0.0,,,696747
512.0,0.8044985258497198,35.28932178932178,5.166666666666667,1.3333333333333333,0.09555363487947756,0.9542186318086666,667647
73.16666666666667,0.959743643997057,43.75,1.8333333333333333,0.16666666666666666,0.15567375886524823,1.0516339928903924,696759
300.0,0.8742273319862948,28.79412716912717,3.3333333333333335,0.6666666666666666,0.11540174984061048,0.9733300845601375,667649
393.8333333333333,0.8104401168509399,30.766183816183815,6.0,1.0,0.1014358499305234,1.0881935976216968,690355
392.8333333333333,0.7964598536930452,30.641183816183815,5.833333333333333,0.8333333333333334,0.09697761453203789,1.0412775465355055,690357
178.66666666666666,0.7959485663109502,34.22420634920635,2.5,0.16666666666666666,0.1171111111111111,1.0307064895454916,690359
121.83333333333333,0.7337048835523666,32.75,3.6666666666666665,0.16666666666666666,0.1357308584686775,1.0843418637207831,702139
379.8333333333333,0.7427979873261888,32.249517149517146,6.333333333333333,0.6666666666666666,0.08831673668767842,0.9888031760123255,710291
157.0,0.8059542838638377,32.0218253968254,2.3333333333333335,0.3333333333333333,0.1091111111111111,1.06721825087653,710293
627.5,0.7934962410698275,36.40579004329005,6.0,1.6666666666666667,0.13414600014071262,0.9344190054263773,710297
273.1666666666667,0.9012257225038444,36.43219373219373,3.6666666666666665,0.6666666666666666,0.09865732632807939,1.1578840094133158,636533
19.0,0.6258825715347455,19.0,1.0,0.0,,,710299
273.1666666666667,0.9012257225038444,36.43219373219373,3.6666666666666665,0.6666666666666666,0.09865732632807939,1.1578840094133158,636534
627.5,0.7934962410698275,36.40579004329005,6.0,1.6666666666666667,0.13414600014071262,0.9344190054263773,710301
512.8333333333334,0.7694921901173059,33.765326510721245,7.0,1.3333333333333333,0.10894459602263117,0.9760592245242021,710303
127.0,0.7895961485217423,24.13095238095238,2.25,0.0,0.04666666666666666,0.7842225800679907,710305
24.333333333333332,0.3254399585921325,18.5,1.5,0.0,0.0,,710307
324.1666666666667,0.9603801603998323,35.385327635327634,3.6666666666666665,0.5,0.08337474967001428,1.1526511136144224,636535
174.0,0.8064748821004241,29.765873015873016,2.6666666666666665,0.3333333333333333,0.1071111111111111,1.0852188457047067,710309
592.1666666666666,0.8295564379972175,39.8755291005291,3.8333333333333335,1.5,0.09280906189083739,1.0792027085201308,710311
417.3333333333333,0.7495331368778797,32.39496781168608,6.166666666666667,0.8333333333333334,0.07524231969771646,0.9449097959694868,706767
644.3333333333334,0.7772945017687216,36.085455394278924,8.166666666666666,1.8333333333333333,0.11379362790500634,0.9879981810791696,667891
644.3333333333334,0.7772945017687216,36.085455394278924,8.166666666666666,1.8333333333333333,0.11379362790500634,0.9879981810791696,667893
651.1666666666666,0.7943998943343274,36.018891926786665,8.166666666666666,1.8333333333333333,0.1178185991552117,0.9925261175690409,667895
540.3333333333334,0.8951294216344641,32.559346770647075,5.666666666666667,1.1666666666666667,0.1211699164345404,1.1125586850678046,667897
403.8333333333333,0.8305907460576195,33.45606060606061,3.0,0.6666666666666666,0.14029697900665644,1.060209303205945,730083
664.5,0.8042585025888012,35.86119241955155,7.666666666666667,2.0,0.12258350654665694,0.9985731163816037,730085
403.8333333333333,0.8305907460576195,33.45606060606061,3.0,0.6666666666666666,0.14029697900665644,1.060209303205945,730087
101.5,1.0035017920628835,31.541666666666668,3.0,0.3333333333333333,0.11868686868686867,1.2709662434191544,756037
194.0,0.6960193715571443,25.760582010582013,2.6666666666666665,0.3333333333333333,0.14814814814814814,1.1745427429716664,756039
88.0,1.0667194948154701,38.0,2.3333333333333335,0.3333333333333333,0.11760461760461759,1.3199468472746534,756041
428.0,0.8109749857030497,38.87064935064935,2.6,0.8,0.14567601110081801,0.9757637083074527,736437
403.8333333333333,0.8305907460576195,33.45606060606061,3.0,0.6666666666666666,0.14029697900665644,1.060209303205945,736439
169.0,0.7891964850184694,29.47982804232804,3.3333333333333335,0.3333333333333333,0.10735009671179885,1.0598283310659828,730287
198.33333333333334,0.7382781583028238,29.27910052910053,2.5,0.3333333333333333,0.12345679012345678,1.371461603930862,736441
231.0,0.897190191742042,41.31414141414141,3.8333333333333335,0.6666666666666666,0.09765258215962443,0.9792691738417538,730289
323.1666666666667,1.0333149943966489,31.325854700854702,2.0,0.8333333333333334,0.0845771144278607,1.0747672771005232,736443
244.83333333333334,0.9554701062719566,41.118308080808085,3.8333333333333335,1.0,0.0975829553592743,1.1022480793718803,730291
452.1666666666667,0.7906322545116357,28.852063871800713,5.333333333333333,1.3333333333333333,0.09087507511403368,0.997328155756971,745161
333.3333333333333,1.0902441763258308,45.49252136752136,1.8333333333333333,1.0,0.08916145623235176,1.1212301323725933,736445
338.0,0.7634479442150149,31.646536796536793,2.6666666666666665,0.6666666666666666,0.11849515688679706,0.9857233467189466,736447
371.0,0.8434714510183982,32.296053483553486,2.6666666666666665,0.8333333333333334,0.10875160875160876,1.118786791404652,667725
369.1666666666667,1.0686008094989778,37.897283272283275,1.8333333333333333,1.0,0.10213711846174532,1.1004094270126277,736449
309.3333333333333,0.9861873874137738,44.585113960113965,1.8333333333333333,0.5,0.07722157792120478,0.9949716636612944,736451
341.3333333333333,0.8213334614323654,34.05341880341881,2.6666666666666665,0.6666666666666666,0.09433719433719434,1.020437050197768,667727
396.1666666666667,0.8129652658636526,35.21363636363636,2.6666666666666665,0.8333333333333334,0.1388911288956723,0.9969062800984557,736453
338.5,0.8339811868654236,32.72197940947941,2.5,0.8333333333333334,0.10476190476190476,1.0679014905193513,667729
333.3333333333333,1.0902441763258308,45.49252136752136,1.8333333333333333,1.0,0.08916145623235176,1.1212301323725933,736455
71.0,0.8883232827340484,35.5,2.0,0.3333333333333333,0.12157534246575342,0.9248297190107903,727935
71.0,0.8883232827340484,35.5,2.0,0.3333333333333333,0.12157534246575342,0.9248297190107903,727937
65.83333333333333,0.6861096014031643,23.513888888888886,1.8333333333333333,0.0,0.15598885793871864,1.0178655002184118,727939
344.1666666666667,1.0740735414051958,39.2147435897436,1.8333333333333333,1.0,0.09505507803416974,1.1067930969129953,727919
208.5,0.9914931271786983,39.80997474747475,3.5,1.0,0.08427973536591347,1.1417010250411408,770121
424.5,0.8741475059924655,32.1619417211329,4.833333333333333,0.6666666666666666,0.08209064327485381,1.141030676980863,727921
577.0,0.8660207938739957,37.78956043956044,6.833333333333333,0.8333333333333334,0.11931250891456284,1.0112707921076198,770123
344.1666666666667,1.0740735414051958,39.2147435897436,1.8333333333333333,1.0,0.09505507803416974,1.1067930969129953,727923
577.0,0.8660207938739957,37.78956043956044,6.833333333333333,0.8333333333333334,0.11931250891456284,1.0112707921076198,770127
129.33333333333334,1.0245222574422597,23.46031746031746,2.8333333333333335,0.3333333333333333,0.06978798586572438,1.2650710541086216,749771
747.6666666666666,0.8787671510719055,40.5250835421888,5.5,1.8333333333333333,0.1480052984260558,1.0322758944473354,749773
568.6,0.8487634141872562,36.504615384615384,7.2,1.0,0.1326486949080017,0.9433109539993578,792289
585.0,0.8035650076970323,31.468309587374236,6.166666666666667,1.3333333333333333,0.10896938335489437,0.99717799189466,792291
585.0,0.8035650076970323,31.468309587374236,6.166666666666667,1.3333333333333333,0.10896938335489437,0.99717799189466,792293
455.2,0.8100663665247744,32.961282051282055,6.8,0.8,0.09148074485938254,0.905996282223259,792295
284.5,0.8785805746241526,37.17029914529915,2.8333333333333335,1.0,0.0879512914117264,1.0955814306238147,754723
483.8333333333333,0.8006467068119472,29.609938280318712,5.833333333333333,1.3333333333333333,0.09396291504959035,1.0028397140109258,792297
304.0,0.8849151063824133,37.48279914529915,3.1666666666666665,1.1666666666666667,0.0954030081026339,1.0715561067706945,754725
256.0,0.8128759070496359,37.23279914529915,2.6666666666666665,0.8333333333333334,0.07577337847300425,0.9900576903372548,754727
223.33333333333334,0.7900736825356346,30.763293650793653,3.3333333333333335,0.0,,,760787
663.8333333333334,0.8455685886280601,37.3187343358396,5.333333333333333,1.8333333333333333,0.13183001985508366,1.0020804266650913,754729
181.33333333333334,0.9347157612624127,32.272222222222226,2.6666666666666665,0.0,0.0842911877394636,1.9792819639562933,760789
218.33333333333334,0.9605857246323762,36.334722222222226,3.1666666666666665,0.0,0.1685823754789272,1.9792819639562933,760791
615.0,0.7939496230816477,33.34330958737423,6.333333333333333,1.5,0.11716257007330748,0.9778482433882792,750663
120.0,0.8259553490098979,26.142460317460323,2.1666666666666665,0.0,0.0561941251596424,1.9792819639562933,760793
179.33333333333334,0.7804322589064087,35.375,3.8333333333333335,0.3333333333333333,0.10733915292596186,1.013835235089797,803795
400.6666666666667,0.8759169839801243,35.658041958041956,3.5,0.5,0.12165450121654502,1.0792441009616773,750665
177.0,0.8613682605741176,34.041666666666664,3.8333333333333335,0.3333333333333333,0.10976398318784353,1.2970137711781293,803797
286.1666666666667,0.7515166808314323,27.402000777000776,3.1666666666666665,0.5,0.14170506912442396,1.1209324611879732,760795
359.8333333333333,0.8666259140269004,32.001476301476295,3.6666666666666665,0.6666666666666666,0.11207420924574209,1.0064198429687465,750669
133.33333333333334,0.8776805338918062,28.73888888888889,2.3333333333333335,0.3333333333333333,0.08495288574793876,1.0265913626171659,742619
615.0,0.7939496230816477,33.34330958737423,6.333333333333333,1.5,0.11716257007330748,0.9778482433882792,750671
368.8333333333333,0.900469028721946,46.64520202020202,4.166666666666667,1.0,0.11105150214592274,1.1765565364609785,742621
539.5,0.8312206752616671,30.921446216826652,5.666666666666667,1.6666666666666667,0.10297542043984477,1.0397203480019075,750673
368.8333333333333,0.9397267018125954,46.64520202020202,4.166666666666667,1.1666666666666667,0.11945636623748211,1.1999311986768424,742623
539.5,0.8312206752616671,30.921446216826652,5.666666666666667,1.6666666666666667,0.10297542043984477,1.0397203480019075,750675
161.16666666666666,0.850670651286178,33.044444444444444,1.8333333333333333,0.6666666666666666,0.11130742049469966,1.0424397121730078,742625
127.83333333333333,0.7734047962690697,27.48888888888889,1.8333333333333333,0.3333333333333333,0.0884864546525324,0.9281713215530271,742627
131.16666666666666,0.9102762636542994,35.57222222222222,2.3333333333333335,0.3333333333333333,0.14393016646366222,1.027968741029719,812623
795.0,0.8682045002614345,36.31393298059965,6.0,2.6666666666666665,0.12069641022250582,1.0564721040601384,749781
131.16666666666666,0.9102762636542994,35.57222222222222,2.3333333333333335,0.3333333333333333,0.14393016646366222,1.027968741029719,810829
137.66666666666666,0.8296897814114396,33.30833333333333,2.8333333333333335,0.3333333333333333,0.12951684937068617,0.9344486804137824,812645
172.16666666666666,0.8407969168070863,25.801190476190474,3.3333333333333335,0.6666666666666666,0.08959033738304867,0.9859909030976746,749783
372.3333333333333,0.8897661843611341,38.01915306915307,3.1666666666666665,0.5,0.1119468937306219,1.0750885912604062,754751
194.33333333333334,0.8593083354804847,36.125,4.0,0.5,0.12297559894404093,1.3204540976662835,810833
600.6666666666666,0.9379496632905521,41.234523809523814,3.6666666666666665,2.0,0.14614343707713126,1.085096317880035,722341
564.6666666666666,0.9326942856615759,43.687317149081856,5.333333333333333,0.8333333333333334,0.13580667120490128,1.1186598611138958,754749
815.1666666666666,0.8675768293212635,35.9349647266314,6.166666666666667,2.6666666666666665,0.11843976370879038,1.056615785529938,749787
581.1666666666666,0.8961632369322144,41.328057889822595,5.5,0.8333333333333334,0.1389267075107783,1.0404695099661536,754753
232.83333333333334,1.0616513347418068,32.80277777777778,3.3333333333333335,0.3333333333333333,0.08035320088300221,1.0815899931544173,722343
237.16666666666666,0.92764267352718,35.38174603174603,3.1666666666666665,0.6666666666666666,0.12469359817315784,1.0985772098816422,749789
372.3333333333333,0.8897661843611341,38.01915306915307,3.1666666666666665,0.5,0.1119468937306219,1.0750885912604062,754755
398.3333333333333,0.8776043954702857,30.366300366300365,3.5,0.8333333333333334,0.0910267373691942,0.9996733687608802,722345
237.16666666666666,0.92764267352718,35.38174603174603,3.1666666666666665,0.6666666666666666,0.12469359817315784,1.0985772098816422,749791
486.1666666666667,0.8594105723782643,33.58517291531997,3.8333333333333335,0.8333333333333334,0.11367059236852822,0.9713684644106805,722347
682.3333333333334,0.8470694001090404,32.51150793650793,6.166666666666667,2.3333333333333335,0.10489069194351565,1.0498519299002143,749793
581.1666666666666,0.8961632369322144,41.328057889822595,5.5,0.8333333333333334,0.1389267075107783,1.0404695099661536,754759
402.1666666666667,0.9209532000441061,45.51262626262626,4.666666666666667,1.1666666666666667,0.12231759656652359,1.1315440290360022,749795
428.6666666666667,0.8723771536820429,36.123173585673584,4.333333333333333,1.3333333333333333,0.12119121536161896,1.0519073186571475,754761
211.0,0.8648967774479507,34.32222222222223,2.6666666666666665,0.3333333333333333,0.11239983443710898,1.0262662491990044,749797
370.8333333333333,0.949920869416002,38.71861471861472,3.1666666666666665,1.0,0.1215393961648773,1.1711076304986847,656399
428.6666666666667,0.8723771536820429,36.123173585673584,4.333333333333333,1.3333333333333333,0.12119121536161896,1.0519073186571475,656401
611.5,0.900619873135342,40.74707767722474,4.0,1.3333333333333333,0.14163631180921385,1.0283227928242082,656403
564.6666666666666,0.9326942856615759,43.687317149081856,5.333333333333333,0.8333333333333334,0.13580667120490128,1.1186598611138958,656405
285.0,0.8675838581715172,37.553030303030305,3.6666666666666665,0.3333333333333333,0.1001166680510772,1.0538165760297902,656407
131.16666666666666,0.9102762636542994,35.57222222222222,2.3333333333333335,0.3333333333333333,0.14393016646366222,1.027968741029719,656409
337.5,0.8602769472978272,31.126785714285713,3.5,0.5,0.14218289085545724,1.0649469259890936,656411
426.0,0.8570863293898898,31.569042232277525,3.0,0.6666666666666666,0.11049331338146708,1.0468271185855804,656415
322.3333333333333,0.8591311874671907,39.13636363636363,4.0,0.3333333333333333,0.11315101905200602,1.0683771271242366,656417
564.6666666666666,0.9326942856615759,43.687317149081856,5.333333333333333,0.8333333333333334,0.13580667120490128,1.1186598611138958,656423
243.5,0.806181411943979,27.882300569800567,5.833333333333333,0.5,0.09757197764646554,1.2266958787374491,656421
426.0,0.8570863293898898,31.569042232277525,3.0,0.6666666666666666,0.11049331338146708,1.0468271185855804,656425
103.66666666666667,0.7550914876895461,30.23611111111111,1.8333333333333333,0.3333333333333333,0.1171875,0.9875870528425418,656429
899.0,0.7943655200777449,40.51190476190476,6.333333333333333,3.3333333333333335,0.13624249356173648,0.9628023317156152,656433
144.16666666666666,0.8229405408347056,36.48888888888889,2.5,0.3333333333333333,0.13885505481120586,0.9179307455906448,656431
575.3333333333334,0.9141353682961592,38.66572847087553,3.8333333333333335,1.3333333333333333,0.13284347317479958,1.0480820539886948,656435
103.66666666666667,0.7550914876895461,30.23611111111111,1.8333333333333333,0.3333333333333333,0.1171875,0.9875870528425418,656439
416.1666666666667,0.9013507461085503,35.9900567025567,4.333333333333333,1.3333333333333333,0.11917902725077613,1.1074147479186507,656437
351.0,0.8738359901615619,28.844978632478632,5.333333333333333,0.5,0.10250737463126842,0.9595576769282678,656443
475.8333333333333,0.8457865517468739,32.53200519524049,3.3333333333333335,0.6666666666666666,0.10956172014003057,0.9965319101466424,656441
575.3333333333334,0.9141353682961592,38.66572847087553,3.8333333333333335,1.3333333333333333,0.13284347317479958,1.0480820539886948,656445
416.1666666666667,0.9013507461085503,35.9900567025567,4.333333333333333,1.3333333333333333,0.11917902725077613,1.1074147479186507,656449
351.0,0.8738359901615619,28.844978632478632,5.333333333333333,0.5,0.10250737463126842,0.9595576769282678,656447
144.16666666666666,0.8229405408347056,36.48888888888889,2.5,0.3333333333333333,0.13885505481120586,0.9179307455906448,656451
285.0,0.8675838581715172,37.553030303030305,3.6666666666666665,0.3333333333333333,0.1001166680510772,1.0538165760297902,656453
197.5,0.8604980322520488,28.875,5.833333333333333,0.5,0.12172119068670793,1.1221534889378522,656457
289.8333333333333,0.7690795809933896,32.26980056980057,5.666666666666667,0.5,0.11209042480716103,1.0210811124183181,656459
397.3333333333333,0.8958217490541295,32.45407185407185,4.833333333333333,1.0,0.11641945498447741,1.0327404306695318,656461
254.0,0.8859995314327253,25.731283068783068,3.1666666666666665,0.5,0.11976401179941004,1.1480384453943147,656463
197.5,0.8604980322520488,28.875,5.833333333333333,0.5,0.12172119068670793,1.1221534889378522,656465
815.1666666666666,0.8675768293212635,35.9349647266314,6.166666666666667,2.6666666666666665,0.11843976370879038,1.056615785529938,656467
487.3333333333333,0.9047050147255739,33.66295069309775,3.8333333333333335,1.1666666666666667,0.11653343988901736,1.0486108474087699,656469
243.0,0.9292705251987684,27.472023809523808,2.6666666666666665,0.3333333333333333,0.11563421828908556,1.1522218725865916,656471
392.5,0.7750630251962521,28.128968253968253,5.833333333333333,0.5,0.1349431818181818,1.1623283230505352,656475
186.33333333333334,0.7352686589020111,19.882407407407406,5.5,0.16666666666666666,0.12987290912273658,1.0821873636598003,656477
197.5,0.8604980322520488,28.875,5.833333333333333,0.5,0.12172119068670793,1.1221534889378522,656481
103.66666666666667,0.7550914876895461,30.23611111111111,1.8333333333333333,0.3333333333333333,0.1171875,0.9875870528425418,656479
1051.0,0.9228814780195327,38.932038515186456,8.333333333333334,2.8333333333333335,0.13970873038746995,1.1168583118057172,656483
659.3333333333334,0.9354923087958139,43.32211257309942,7.833333333333333,1.3333333333333333,0.1426608262475307,1.0585119150792124,656485
373.1666666666667,0.884865561807572,31.419570707070708,4.833333333333333,0.6666666666666666,0.1192928243632395,1.0190946301765125,656487
529.1666666666666,0.989437097081504,41.03164207868155,5.166666666666667,1.3333333333333333,0.13697909483990836,1.1533981794740786,656489
397.3333333333333,0.8958217490541295,32.45407185407185,4.833333333333333,1.0,0.11641945498447741,1.0327404306695318,656493
541.6666666666666,0.9667875244319313,39.97608652312599,5.666666666666667,1.6666666666666667,0.14351318880108196,1.084411102111608,656495
243.0,0.9292705251987684,27.472023809523808,2.6666666666666665,0.3333333333333333,0.11563421828908556,1.1522218725865916,858485
188.0,0.7885233877421377,32.19873737373737,3.0,0.3333333333333333,0.043885959491029906,1.1662508893480865,858487
137.0,0.8297730514494287,37.71388888888889,2.6666666666666665,0.16666666666666666,0.024445642502421688,1.1942360305300646,858489
310.0,0.8775542984845309,47.5,4.0,0.3333333333333333,0.06513125309559188,0.952664198754597,868727
346.0,0.760273132398642,26.037499999999998,5.666666666666667,0.5,0.09540719696969696,1.1442501755001755,868729
295.8333333333333,0.7729242161177498,20.40462962962963,4.333333333333333,0.3333333333333333,0.06815528312901342,1.0712399456041584,743943
303.6666666666667,0.8918131050066386,31.1712962962963,4.0,0.3333333333333333,0.0756131300810238,1.1441785538919218,743947
775.0,1.0030845194180678,38.087080823765604,8.333333333333334,1.5,0.13667820069204153,1.1213618526805322,743949
443.8333333333333,0.9345317678535566,31.3629667717903,8.0,1.0,0.12207602339181285,1.1727321819510552,870731
708.1666666666666,0.9157498198080072,42.784937888198755,7.833333333333333,1.3333333333333333,0.13458923286137112,1.043810497259867,870735
529.1666666666666,0.9009106717537989,35.86920563097034,8.5,1.1666666666666667,0.13957946014334505,1.0855814684245833,817207
229.83333333333334,0.8781580425588157,23.025000000000002,3.1666666666666665,0.5,0.039507648507475686,1.0248533324871327,885959
588.6666666666666,0.930797262212406,30.789507422402156,6.833333333333333,1.0,0.09400669303316095,1.0810003397128114,860269
229.83333333333334,0.8781580425588157,23.025000000000002,3.1666666666666665,0.5,0.039507648507475686,1.0248533324871327,885965
817.1666666666666,0.9361714777580253,40.586111111111116,8.0,1.1666666666666667,0.12868275993157197,0.9911424799064813,817209
148.5,0.5839145807895808,16.083333333333332,2.5,0.3333333333333333,0.024054847859308847,0.6235754168489356,885967
367.1666666666667,0.9357518639341763,43.8522792022792,3.8333333333333335,1.0,0.08800239055729868,1.0585547607843737,860271
380.3333333333333,0.9434197645158791,44.01894586894587,4.0,1.0,0.08762886597938145,1.0194792702622586,860273
542.3333333333334,0.8460924125305977,32.22810391363023,5.666666666666667,0.8333333333333334,0.08474891570508132,0.9837074879262507,860275
542.0,0.8635401706965543,30.672548358074668,5.666666666666667,0.8333333333333334,0.08442175174920173,0.947108478121002,860277
606.3333333333334,0.8049378883603439,31.59768688437167,6.333333333333333,1.5,0.10976547481737793,0.9215179961987982,894287
495.3333333333333,0.8355193322179009,33.62879032619913,6.666666666666667,0.5,0.1260053619302949,1.097870606946452,894289
567.6666666666666,0.8766740379082547,30.740760477445264,6.666666666666667,1.5,0.09947386704100197,0.9741603823239026,894291
633.6666666666666,1.062214742495279,37.77546296296297,5.833333333333333,1.6666666666666667,0.09850989418096023,1.3537156350282178,848843
639.8333333333334,1.087487966538995,36.6087962962963,6.333333333333333,1.8333333333333333,0.09923852625344327,1.2886990151666542,848845
635.6666666666666,1.059165962007474,36.44212962962963,6.0,1.6666666666666667,0.09942860418539538,1.2527111297917701,848847
532.6666666666666,0.9159558497902166,34.85464848332496,6.166666666666667,1.6666666666666667,0.11014750574457045,1.005630238065839,743977
532.6666666666666,0.9159558497902166,34.85464848332496,6.166666666666667,1.6666666666666667,0.11014750574457045,1.005630238065839,743979
355.6666666666667,0.9653145829915503,28.063425925925927,4.333333333333333,0.5,0.08229166666666668,1.147929396746707,743981
484.1666666666667,0.8677389625354635,33.98385076252723,5.166666666666667,1.6666666666666667,0.09574294508717025,0.9470197197287131,743983
355.6666666666667,0.9653145829915503,28.063425925925927,4.333333333333333,0.5,0.08229166666666668,1.147929396746707,743985
515.6666666666666,0.9495652565142448,40.6047096908939,4.166666666666667,1.3333333333333333,0.10314601344860712,1.0753769366176482,919607
328.1666666666667,0.7773034037272778,27.353365384615387,4.5,0.16666666666666666,0.06290995825879547,1.014192607838093,919611
233.0,0.8695302726736208,29.125,8.0,0.5,0.12714460784313725,1.0480423461610673,919613
257.5,0.8697325501683766,32.1875,8.0,0.6666666666666666,0.14108455882352938,0.985175116982964,919615
680.3333333333334,0.937561914212909,42.11574074074074,7.833333333333333,1.5,0.1268531489109845,1.0233533895258284,903593
316.6666666666667,0.7973541005356336,26.214476495726498,4.5,0.16666666666666666,0.0686065728421288,0.9355668513912132,919617
743.0,0.9307866109975054,43.92798307357131,8.833333333333334,1.5,0.12376057159521726,1.0464000664086504,903595
146.5,0.6945496874572425,17.737301587301587,6.333333333333333,0.3333333333333333,0.08014293006636039,0.9931698556607814,924627
680.3333333333334,0.937561914212909,42.11574074074074,7.833333333333333,1.5,0.1268531489109845,1.0233533895258284,903597
189.5,0.6983859221445411,24.928571428571427,5.666666666666667,0.3333333333333333,0.07605921388463503,0.9350905553782882,924629
399.1666666666667,0.8494465409389674,31.561698717948715,5.5,0.5,0.11813838896531721,1.0158647504161236,924633
743.0,0.9307866109975054,43.92798307357131,8.833333333333334,1.5,0.12376057159521726,1.0464000664086504,903599
682.3333333333334,0.968577996687591,40.229166666666664,7.666666666666667,1.5,0.1222128081429864,1.1517913718259447,903601
510.3333333333333,0.8966490991688465,31.04996533967122,8.5,1.1666666666666667,0.124816907302783,1.0944901419777577,931390
452.0,0.9121884044704918,30.242775797187562,7.666666666666667,1.0,0.10849550115086837,1.1605562147764104,931392
618.0,0.9294131518011973,34.25604167423389,5.333333333333333,1.1666666666666667,0.12197178779515487,1.0841530338436278,902641
452.0,0.9121884044704918,30.242775797187562,7.666666666666667,1.0,0.10849550115086837,1.1605562147764104,931394
618.0,0.9294131518011973,34.25604167423389,5.333333333333333,1.1666666666666667,0.12197178779515487,1.0841530338436278,902643
395.5,0.9627372220033875,36.14168660287081,4.166666666666667,1.0,0.07960697800802262,1.1473790989937862,902645
618.0,0.9294131518011973,34.25604167423389,5.333333333333333,1.1666666666666667,0.12197178779515487,1.0841530338436278,902647
198.66666666666666,0.7281450788587946,28.520370370370372,5.0,0.6666666666666666,0.10699023199023198,1.1260468954249674,953335
409.6666666666667,0.912996949954465,30.092551892551892,4.833333333333333,0.3333333333333333,0.09044585987261146,1.0044174450921843,914207
409.6666666666667,0.912996949954465,30.092551892551892,4.833333333333333,0.3333333333333333,0.09044585987261146,1.0044174450921843,914209
450.8333333333333,0.7805362792761072,26.06576949620428,6.333333333333333,0.5,0.10072463768115941,0.9485584579538985,953337
676.0,0.954153971168604,36.45311447811448,7.166666666666667,1.5,0.11194745775219543,1.004104369081178,914211
474.8333333333333,0.7697895786576169,25.674465148378186,6.166666666666667,0.16666666666666666,0.07159420289855072,0.925756750228361,953339
474.8333333333333,0.7697895786576169,25.674465148378186,6.166666666666667,0.16666666666666666,0.07159420289855072,0.925756750228361,953341
676.0,0.954153971168604,36.45311447811448,7.166666666666667,1.5,0.11194745775219543,1.004104369081178,914215
474.8333333333333,0.7697895786576169,25.674465148378186,6.166666666666667,0.16666666666666666,0.07159420289855072,0.925756750228361,953343
556.6,0.8575141831066725,34.51904761904761,7.8,1.2,0.1041628122109158,1.0315775194963306,895807
575.6666666666666,0.8393631023568435,44.448830409356724,7.0,1.0,0.10746222633364168,0.9817395600514357,895809
579.5,0.8460345465282878,34.85359231411862,7.833333333333333,1.0,0.10592044403330249,1.0093655363777434,895811
566.3333333333334,1.010703930271836,41.43341503267974,5.333333333333333,1.6666666666666667,0.12265072003905296,1.0319137233277453,895813
471.0,0.9325792812613455,42.9889705882353,4.666666666666667,1.1666666666666667,0.10302439092089043,0.9543743480915224,895815
663.0,0.9979139753087051,35.13552188552189,8.166666666666666,2.0,0.11221119587020399,1.0439818718100906,914227
664.5,1.1446453173604605,34.82141932141932,8.833333333333334,2.0,0.11888735129561244,1.2035038395776143,914231
546.5,0.9871309229352697,45.00082556332557,6.166666666666667,1.1666666666666667,0.1323045267489712,1.0789011610174306,800471
664.5,1.1446453173604605,34.82141932141932,8.833333333333334,2.0,0.11888735129561244,1.2035038395776143,914233
664.5,1.1446453173604605,34.82141932141932,8.833333333333334,2.0,0.11888735129561244,1.2035038395776143,914235
518.1666666666666,1.0028491725901072,35.91870166870167,6.166666666666667,1.1666666666666667,0.13053263315828958,1.075182715520603,800473
518.1666666666666,1.0028491725901072,35.91870166870167,6.166666666666667,1.1666666666666667,0.13053263315828958,1.075182715520603,800475
518.1666666666666,1.0028491725901072,35.91870166870167,6.166666666666667,1.1666666666666667,0.13053263315828958,1.075182715520603,800477
26.5,0.5244056844534045,26.5,1.0,0.0,0.15773809523809526,0.9333172598307616,932851
403.1666666666667,0.8707961720720986,37.43957431457431,3.3333333333333335,1.0,0.11530143281968099,1.0056584336782464,932853
433.1666666666667,0.9375698656473684,36.513675213675214,4.333333333333333,0.8333333333333334,0.12142754559816171,1.0352354878390433,932855
433.3333333333333,0.7303671504789717,28.369243950493953,4.833333333333333,0.8333333333333334,0.12704701531959853,1.0175051120014744,1007649
422.8333333333333,0.7155633499328302,25.295373376623377,5.166666666666667,0.5,0.0938985736925515,0.99399312725002,1007651
376.6666666666667,0.9228949710055864,33.93867521367522,4.0,0.8333333333333334,0.10462444348700273,1.010195491455331,932857
347.6666666666667,0.6696293961489607,22.068858225108226,5.0,0.3333333333333333,0.08346539883782356,0.9294506676784445,1007653
424.6666666666667,0.9410470738210179,40.7252886002886,3.3333333333333335,1.1666666666666667,0.12114106319329059,1.1162254049438762,932859
152.33333333333334,0.7353123819454032,25.699074074074076,1.3333333333333333,0.5,0.0842511013215859,1.1371449854346918,913621
26.5,0.5244056844534045,26.5,1.0,0.0,0.15773809523809526,0.9333172598307616,932863
26.5,0.5244056844534045,26.5,1.0,0.0,0.15773809523809526,0.9333172598307616,932865
157.16666666666666,1.0038309004639216,30.53240740740741,1.3333333333333333,0.5,0.08806588690432728,1.2004563323183806,913625
421.1666666666667,0.9719944564258265,33.45653235653236,4.333333333333333,1.0,0.11564574022671352,1.0774469385914311,932867
295.1666666666667,1.1329211469153575,30.941086691086692,2.3333333333333335,0.5,0.09915164369034994,1.2202071318334655,913631
139.83333333333334,0.702990826642547,18.96388888888889,1.0,0.5,0.10636596289187461,1.0067128523777036,997961
168.5,0.7017158585167501,22.21388888888889,1.0,0.5,0.12872275238120987,1.0068266229761773,997965
125.5,0.6354243026930902,23.11666666666667,2.6666666666666665,0.0,0.09981167608286252,0.9960778124066902,997967
41.0,0.7992900493530746,30.5,1.3333333333333333,0.0,,,997995
168.66666666666666,0.821244661988206,32.72857142857143,2.5,0.16666666666666666,0.11001642036124794,1.0324150344046947,913649
134.5,0.9081015340937236,32.48809523809524,1.8333333333333333,0.0,0.07524419354123611,0.961146254622767,995457
170.33333333333334,0.941360116540252,35.988095238095234,2.3333333333333335,0.16666666666666666,0.13328033916269208,1.0930012563760496,995459
152.5,0.9937594818696468,52.13333333333333,2.1666666666666665,0.0,0.10275768903795317,1.2056338115158385,913655
165.83333333333334,0.9296692208693814,36.160317460317465,2.3333333333333335,0.16666666666666666,0.14122798777530235,1.0544272712682106,995461
473.6,0.9853468002466492,39.7559706959707,3.2,1.0,0.14598385020114663,1.0755080301217554,913657
125.5,0.775285507304698,28.354761904761904,2.1666666666666665,0.0,0.06438644034551962,0.9466141757262039,995463
132.33333333333334,1.0423980944027826,55.050000000000004,2.0,0.0,0.09534872887770907,1.2985031954464883,913659
143.0,0.8381290564165034,30.743650793650797,2.5,0.16666666666666666,0.09231501814622017,0.8418765788598658,995465
498.6666666666667,0.8935290597345548,39.023733660130716,3.5,1.0,0.11657561941745631,0.9187494986786717,913661
59.333333333333336,1.1036058619198554,31.083333333333332,1.0,0.0,0.10847044485070079,1.1903609845205023,1004285
106.0,0.892592218348072,39.47222222222222,1.0,0.5,0.14228187919463087,1.107053972823649,1051297
366.6,0.8479086805619905,31.512380952380955,3.4,0.6,0.10873189995612109,0.9491852476939384,936131
129.66666666666666,0.7045230797977181,16.739351851851854,4.5,0.16666666666666666,0.07938388625592417,1.1242648421154708,936133
83.83333333333333,0.8853421110979647,29.722222222222225,1.0,0.3333333333333333,0.11252796420581655,1.0980618934959991,1051299
569.6666666666666,0.8934573774419534,36.851885369532425,5.0,1.0,0.1238429309168859,0.9999150095379438,936135
83.83333333333333,0.8853421110979647,29.722222222222225,1.0,0.3333333333333333,0.11252796420581655,1.0980618934959991,1051301
146.5,1.016946534468464,52.57777777777778,2.0,0.0,0.11085578031652867,1.272733975872683,1050225
329.8333333333333,0.8605990059535576,31.126984126984127,3.3333333333333335,0.5,0.09485985919844458,0.9877667932665121,936137
146.5,1.016946534468464,52.57777777777778,2.0,0.0,0.11085578031652867,1.272733975872683,1050227
569.6666666666666,0.8934573774419534,36.851885369532425,5.0,1.0,0.1238429309168859,0.9999150095379438,936139
253.83333333333334,0.994921921210386,31.44416716181422,2.6666666666666665,0.6666666666666666,0.07512905603548448,1.0391781443994998,1029819
569.6666666666666,0.8934573774419534,36.851885369532425,5.0,1.0,0.1238429309168859,0.9999150095379438,936141
106.0,0.892592218348072,39.47222222222222,1.0,0.5,0.14228187919463087,1.107053972823649,1029821
368.6666666666667,0.8723544918469747,32.88531746031746,3.3333333333333335,0.3333333333333333,0.09999880209336609,0.9722132760067422,936143
105.66666666666667,0.7932365931303779,39.36111111111111,1.0,0.5,0.13806403692601535,0.9813172987567776,1029823
184.66666666666666,0.836896537496497,31.087500000000002,2.5,0.3333333333333333,0.09833455792309576,0.8597644639115556,1030219
183.0,0.945548850096178,30.670833333333334,2.5,0.6666666666666666,0.0990693117805535,0.9814496296136035,1030221
183.0,0.945548850096178,30.670833333333334,2.5,0.6666666666666666,0.0990693117805535,0.9814496296136035,1030223
175.16666666666666,0.9302509928171886,30.090277777777775,2.1666666666666665,0.3333333333333333,0.09122635011021307,0.9518354238107379,1030225
318.3333333333333,0.933761115153415,39.661375661375665,2.0,0.5,0.09955068800898624,1.0377313724574249,1030227
116.66666666666667,0.6168280503703335,19.189484126984127,2.0,0.16666666666666666,0.08638743455497382,1.066226279480173,1059710
91.33333333333333,0.6291135918392511,15.743055555555557,2.6666666666666665,0.0,0.04489995119570523,0.9326370021431452,1059711
150.33333333333334,0.7325435078004029,27.147619047619045,3.3333333333333335,0.16666666666666666,0.06768350810295519,1.0122663149087965,1059714
120.16666666666667,0.6249037836054062,17.154761904761905,1.8333333333333333,0.16666666666666666,0.11736474694589877,0.9762021992569018,1059716
738.0,0.9012826499572126,36.14587542087542,5.0,1.1666666666666667,0.1238429309168859,0.9999150095379438,1001371
738.0,0.9012826499572126,36.14587542087542,5.0,1.1666666666666667,0.1238429309168859,0.9999150095379438,1001373
738.0,0.9012826499572126,36.14587542087542,5.0,1.1666666666666667,0.1238429309168859,0.9999150095379438,1001375
354.1666666666667,0.9003139313883274,26.201198107448107,3.8333333333333335,0.6666666666666666,0.09878886478669559,1.0462210429699432,1019973
341.0,0.8264433575177536,27.763698107448107,3.5,0.6666666666666666,0.09992784742772615,0.9385366152639274,1019975
228.0,0.8289174460481035,30.70138888888889,3.0,0.5,0.13766175814368584,1.0148408251242271,1019977
586.5,0.9466616027167113,32.84360269360269,4.666666666666667,1.1666666666666667,0.09025543731204473,1.0083412474154283,1000887
437.8333333333333,1.0137148340853843,45.525925925925925,3.3333333333333335,0.8333333333333334,0.12620087336244543,1.0825130712962558,1034819
608.0,0.9564025706785381,34.79814814814815,5.0,1.3333333333333333,0.0953298176258603,1.0522819461177841,1000889
255.0,0.9907464853344087,48.819444444444436,2.3333333333333335,0.8333333333333334,0.10333892930423429,1.1347987684337444,1034821
255.33333333333334,0.9278008619380024,34.12757936507936,4.0,0.5,0.11960514233241504,1.012996930244226,1000891
271.6666666666667,0.9548207202013375,28.599999999999998,3.3333333333333335,0.5,0.0848617176128093,1.0431040749263667,1034823
88.66666666666667,0.8023517376369785,31.722222222222225,1.6666666666666667,0.0,0.11111111111111109,0.8998807082519996,1078659
558.8333333333334,0.9456768739120772,33.657575757575756,4.833333333333333,1.0,0.08743738851156624,1.0170046665064292,1000893
97.66666666666667,0.833964640862785,34.611111111111114,1.8333333333333333,0.0,0.12238930659983288,0.9353362826719205,1078660
92.0,0.6400000467859965,27.819444444444446,1.6666666666666667,0.3333333333333333,0.14187643020594967,0.9303341811478111,1078661
506.0,0.9586834098597895,41.27878787878788,4.166666666666667,0.8333333333333334,0.08097196823926653,1.0279225618241503,1000895
228.0,0.7672608882813513,30.90476190476191,3.3333333333333335,0.5,0.09162025987801646,0.8581813509272421,936159
344.8333333333333,0.7996606678158567,29.952586996337,3.0,0.6666666666666666,0.09886796250066034,0.893363970182823,1020013
481.1666666666667,0.9799060703924031,40.32005494505494,4.0,0.8333333333333334,0.11904034229828853,1.0421423880851242,936161
246.5,0.7949378392795364,33.715873015873015,3.5,0.5,0.09188544152744631,0.9823492460089026,936163
228.5,0.8041997150378305,23.733836996336994,2.8333333333333335,0.16666666666666666,0.05394749973854899,0.9225890272820667,1020017
485.3333333333333,0.9066671935833502,37.28672161172161,4.333333333333333,0.8333333333333334,0.1171386395217406,0.9868434318546765,936165
485.3333333333333,0.9066671935833502,37.28672161172161,4.333333333333333,0.8333333333333334,0.1171386395217406,0.9868434318546765,936167
156.66666666666666,0.7824896763665333,26.11111111111111,2.0,0.16666666666666666,0.12974203338391502,1.054999967974249,1079247
222.16666666666666,0.7488476596857753,32.12967032967033,2.5,0.16666666666666666,0.058964145106692255,0.8402407454779812,1020031
52.833333333333336,0.7127203973887327,26.383333333333336,1.8333333333333333,0.0,,,1079248
212.66666666666666,0.7555285251783896,34.15103785103785,2.1666666666666665,0.16666666666666666,0.0477566252223828,0.8007918495059987,1020033
481.1666666666667,0.9799060703924031,40.32005494505494,4.0,0.8333333333333334,0.11904034229828853,1.0421423880851242,1020035
481.1666666666667,0.9799060703924031,40.32005494505494,4.0,0.8333333333333334,0.11904034229828853,1.0421423880851242,1020037
102.33333333333333,0.6718992450059754,18.38888888888889,4.0,0.0,0.04693877551020408,0.48551627515994955,1080630
344.8333333333333,0.9814774217459314,35.1925925925926,3.3333333333333335,0.5,0.10211062590975256,1.0632213955866407,1027315
330.5,0.8048313081882011,34.98218056453351,3.0,0.6666666666666666,0.08651309765339915,0.9477779682591447,1020039
97.5,0.7747922825108079,23.23333333333333,2.8333333333333335,0.16666666666666666,0.13532338308457711,1.1025756429790843,1080631
151.0,0.7823817243359836,30.016414141414142,3.3333333333333335,0.16666666666666666,0.04671857619577308,0.8510296472806732,1027317
437.8333333333333,1.0137148340853843,45.525925925925925,3.3333333333333335,0.8333333333333334,0.12620087336244543,1.0825130712962558,1027319
130.83333333333334,0.6638494468714108,25.26388888888889,2.0,0.16666666666666666,0.0976383780709801,0.8769496248882311,1040491
141.0,0.7478252594186517,24.569444444444443,2.1666666666666665,0.16666666666666666,0.11508906092378739,1.0214867442900881,1040493
141.0,0.7478252594186517,24.569444444444443,2.1666666666666665,0.16666666666666666,0.11508906092378739,1.0214867442900881,1040495
134.0,0.9899126455542083,27.194444444444443,1.8333333333333333,0.16666666666666666,0.11238920703500528,1.3063788115961874,1040497
154.5,0.7266009672950832,23.32671957671958,3.6666666666666665,0.0,0.10052206929283342,0.7821576746111542,1040499
246.66666666666666,0.8277853092530734,28.871693121693117,3.0,0.3333333333333333,0.1318607764390897,0.9589526153802844,1083446
310.0,0.8867553121022196,28.157987382987383,5.0,0.3333333333333333,0.07411827101564572,0.9977546808819521,1083448
43.666666666666664,0.6975403531394573,21.833333333333332,1.0,0.0,0.14516129032258066,1.2807183644944555,1068737
103.16666666666667,0.7634772978013279,25.122222222222216,2.8333333333333335,0.16666666666666666,0.1492537313432836,1.0878983652312013,1089183
346.8,0.8853868715065186,38.01603174603174,3.4,0.8,0.1268595041322314,0.9454548261450946,1077949
300.1666666666667,0.8691949419417067,42.846693121693114,3.0,0.6666666666666666,0.10571625344352616,0.9454548261450946,1077950
115.16666666666667,0.8633016166593848,26.95833333333334,2.5,0.16666666666666666,0.03527941009401892,0.8635491090008154,1077951
344.5,0.8134773069757482,32.671164021164024,4.833333333333333,1.0,0.14814814814814817,1.0930065306179493,1029001
448.6666666666667,0.9274680490152751,44.769444444444446,4.833333333333333,1.1666666666666667,0.10372853804734328,0.939146007433563,1029003
328.5,0.8198721775938923,28.066666666666663,3.3333333333333335,0.5,0.09151437880719648,1.0641150372911627,1033363
235.66666666666666,0.829797381687681,27.232804232804227,3.1666666666666665,0.5,0.13244964591189184,1.0531759889423868,1033365
344.5,0.8134773069757482,32.671164021164024,4.833333333333333,1.0,0.14814814814814817,1.0930065306179493,1033367
264.8333333333333,0.7803319712674593,24.53333333333333,3.1666666666666665,0.5,0.08110213911318884,1.0305206273125986,1033369
328.5,0.8198721775938923,28.066666666666663,3.3333333333333335,0.5,0.09151437880719648,1.0641150372911627,1033371
539.5,1.0434372270760957,46.58888888888888,5.0,1.3333333333333333,0.11976448740081823,1.076559391728804,1031425
539.5,1.0434372270760957,46.58888888888888,5.0,1.3333333333333333,0.11976448740081823,1.076559391728804,1031427
487.5,0.9933455006679975,43.866666666666674,5.166666666666667,1.3333333333333333,0.1093042043052881,1.0278587575140923,1031429
386.8333333333333,0.8476132652145276,30.42399267399267,4.5,0.6666666666666666,0.14263038548752835,1.0424837789162642,1022347
784.3333333333334,0.9653760826118636,39.45526695526695,5.5,1.3333333333333333,0.13134857746585163,1.013918238276917,1022351
539.5,1.0434372270760957,46.58888888888888,5.0,1.3333333333333333,0.11976448740081823,1.076559391728804,1022357
285.8333333333333,1.0104757776017645,47.51666666666667,1.6666666666666667,0.6666666666666666,0.11190085657007474,1.1883608633314153,1022361
251.0,0.6950446015235642,25.03044871794872,2.5,0.3333333333333333,0.10013518733101583,0.9357142225781202,1089779
454.3333333333333,0.8346476368084748,32.71425438596491,4.0,1.0,0.10741500212494688,1.0080644866688762,1022363
281.3333333333333,0.7755086501618171,25.606206293706293,2.8333333333333335,0.6666666666666666,0.10526317891740689,1.0270645058228889,1089780
784.3333333333334,0.9653760826118636,39.45526695526695,5.5,1.3333333333333333,0.13134857746585163,1.013918238276917,1022367
373.1666666666667,0.8511149446730077,30.085618085618083,5.0,0.8333333333333334,0.09892119217407204,0.9833658843735992,1022369
475.1666666666667,1.0031718935696248,44.555555555555564,4.833333333333333,1.3333333333333333,0.10965578070570496,1.0364930674601418,1022371
386.8333333333333,0.8476132652145276,30.42399267399267,4.5,0.6666666666666666,0.14263038548752835,1.0424837789162642,1022373
159.33333333333334,0.825200814922637,43.0,1.8333333333333333,0.0,0.15956558061821216,0.9934569616463144,1089420
426.0,0.9060194343261961,38.884867583396996,4.5,0.8333333333333334,0.11384876805437551,1.004892367355133,1022375
289.3333333333333,0.9896530680998096,47.416666666666664,1.8333333333333333,0.6666666666666666,0.10820636284534553,1.1414605379823357,1098207
386.3333333333333,0.8595342925610464,31.401552151552153,5.333333333333333,0.6666666666666666,0.09928101959679346,0.9507884562521909,1104478
264.6666666666667,0.874729622241112,43.083333333333336,1.6666666666666667,0.5,0.10392351247173519,1.0074861003290727,1098208
116.5,0.8049851034384884,27.472222222222225,2.5,0.16666666666666666,0.14133563615428898,1.0445847108228572,1104479
279.5,0.8172729274129474,26.315828615828618,4.5,0.5,0.1155451225873761,1.4070395777351596,1098209
279.5,0.8172729274129474,26.315828615828618,4.5,0.5,0.1155451225873761,1.4070395777351596,1098210
123.66666666666667,0.8436546696256189,29.861111111111114,2.5,0.16666666666666666,0.1491076568796776,1.0816492658461572,1104480
386.3333333333333,0.8595342925610464,31.401552151552153,5.333333333333333,0.6666666666666666,0.09928101959679346,0.9507884562521909,1104482
444.5,0.8886860152362227,32.776594631214195,5.0,1.0,0.11299491899146774,1.059216349686809,1109605
330.8333333333333,0.6712206038054869,24.702868357487926,3.6666666666666665,0.6666666666666666,0.0766157120743034,0.8874942420674719,1109607
492.5,0.9427735981964186,38.380435305435306,4.833333333333333,1.0,0.11725567190226877,0.9821102106554015,1109608
281.1666666666667,0.7582520571855468,31.225694444444446,2.8333333333333335,0.16666666666666666,0.06332365841073272,0.9251474110150881,1109609
319.5,0.7933685437729784,25.047184065934065,4.5,0.6666666666666666,0.11015911872705018,1.2961107697799112,1031667
548.5,0.9607208578546299,41.14706589706589,5.166666666666667,1.1666666666666667,0.12280901369153208,1.0108627020249175,1119497
494.5,0.9680136432213738,38.96071428571429,3.5,1.1666666666666667,0.1294855166450497,0.9736463130989748,1119498
553.0,0.9748134774275502,42.46097883597884,6.5,1.3333333333333333,0.12111888111888112,1.0422383356283318,1031671
514.3333333333334,0.9345979714771717,38.200641025641026,3.6666666666666665,1.3333333333333333,0.13241540689934805,0.9213248802417339,1119499
236.33333333333334,0.8259189835572024,33.62148962148962,3.1666666666666665,0.3333333333333333,0.08119135046919625,1.205630268744876,1031675
496.0,0.9138063123876403,37.25619658119658,3.6666666666666665,1.3333333333333333,0.13329422977738795,0.9990836979961105,1119500
293.3333333333333,0.9254127313911437,41.38113275613275,3.8333333333333335,0.8333333333333334,0.1314125087842586,1.105613737560043,1120286
268.2,0.833603915765163,31.119393939393937,4.0,0.4,0.12173017507723997,0.961601053789899,1075504
293.3333333333333,0.9254127313911437,41.38113275613275,3.8333333333333335,0.8333333333333334,0.1314125087842586,1.105613737560043,1120287
544.0,0.9460447998191147,38.20272435897436,4.166666666666667,1.0,0.1457239309827457,1.0731960191874654,1075505
286.3333333333333,0.7316291324612904,24.19553571428571,3.1666666666666665,0.16666666666666666,0.05906475748194015,0.9504669232463661,1120288
297.8333333333333,0.8307670634957732,25.240990259740258,3.6666666666666665,0.16666666666666666,0.05926900584795322,0.9734283183915795,1120289
390.8333333333333,0.9703651413148,31.316666666666666,3.5,1.1666666666666667,0.10149858893294751,1.2086168498728398,1075506
560.1666666666666,1.0201287539962396,41.585197210197215,5.5,1.1666666666666667,0.12881590869220846,1.0776500208674544,1120090
316.3333333333333,0.8143192982952524,23.936111111111114,3.3333333333333335,0.16666666666666666,0.06311274509803921,0.8242144069964877,1120290
527.0,0.8532326304383182,33.03125,5.166666666666667,1.3333333333333333,0.10498606379684111,1.0482999185573878,1120091
560.1666666666666,1.0201287539962396,41.585197210197215,5.5,1.1666666666666667,0.12881590869220846,1.0776500208674544,1120092
195.0,0.8618081206421327,33.03472222222222,2.3333333333333335,0.16666666666666666,0.09921568627450982,1.3269552276367869,1125472
50.666666666666664,0.5212144936069351,25.583333333333332,1.6666666666666667,0.16666666666666666,0.15964912280701754,1.1883184690923612,1124089
339.5,0.8040999397674938,28.472222222222225,5.0,1.0,0.1544759825327511,1.0514966795189948,1125473
191.16666666666666,0.7239250565295605,28.455357142857142,2.6666666666666665,0.16666666666666666,0.10518202309774331,1.039274354166018,1125474
455.1666666666667,0.9359492967227229,36.09227357609711,4.666666666666667,1.0,0.07744220509241996,0.9998893597080437,1122726
503.8,0.8539986649509231,34.27739495798319,5.2,1.2,0.08415841584158415,1.026241620053321,1122727
521.1666666666666,0.8769215098294829,34.87604062604063,4.166666666666667,0.3333333333333333,0.12776105644735983,1.089407626508483,1122728
310.8333333333333,0.7774111528518102,22.85079365079365,3.8333333333333335,0.5,0.11508596783139209,1.256066903345948,1115795
396.3333333333333,0.8999127485053222,33.78125,4.0,0.8333333333333334,0.09499231748586667,1.052480519803532,1115796
119.0,0.7264068217163083,21.983333333333334,3.3333333333333335,0.16666666666666666,0.11505190311418684,1.1694861125413534,1131274
310.0,0.7941614459181089,30.13888888888889,4.333333333333333,1.0,0.1359170305676856,1.0671839898937376,1131275
446.6666666666667,0.9298387710724402,38.00059477559477,5.166666666666667,0.6666666666666666,0.10284463894967177,1.0825646896472627,1115804
343.1666666666667,0.926836896259093,47.89722222222222,2.3333333333333335,0.8333333333333334,0.12779091147885474,1.055567026633608,1072310
166.0,0.8286435488304881,27.59603174603174,2.5,0.3333333333333333,0.11941580756013744,0.950180282011886,1130737
50.166666666666664,0.6035884482576718,21.25,2.3333333333333335,0.0,,,1131276
369.0,0.8215274350912861,35.207671957671955,4.333333333333333,1.1666666666666667,0.12734687596183442,1.0239752018496402,1115805
166.0,0.8286435488304881,27.59603174603174,2.5,0.3333333333333333,0.11941580756013744,0.950180282011886,1130738
339.5,0.8040999397674938,28.472222222222225,5.0,1.0,0.1544759825327511,1.0514966795189948,1131277
446.6666666666667,0.9298387710724402,38.00059477559477,5.166666666666667,0.6666666666666666,0.10284463894967177,1.0825646896472627,1115806
342.3333333333333,0.9332213921418958,34.765151515151516,5.333333333333333,0.6666666666666666,0.14577777777777776,1.0484028037125426,1130739
338.5,0.9719757851479819,48.175000000000004,2.1666666666666665,0.8333333333333334,0.1284475965327029,1.0869828396097045,1072311
159.83333333333334,0.8209046998083971,26.579365079365076,2.5,0.3333333333333333,0.11941580756013744,1.0308493273811725,1130740
566.3333333333334,1.0361195294813328,42.2631327006327,6.833333333333333,1.8333333333333333,0.12603845240920955,1.0498550403637654,1072312
83.5,0.6839299419762002,36.55555555555556,2.1666666666666665,0.0,,,1131278
342.3333333333333,0.9332213921418958,34.765151515151516,5.333333333333333,0.6666666666666666,0.14577777777777776,1.0484028037125426,1130741
66.33333333333333,0.7125051679198471,23.805555555555557,2.5,0.0,0.0,,1131279
342.3333333333333,0.9332213921418958,34.765151515151516,5.333333333333333,0.6666666666666666,0.14577777777777776,1.0484028037125426,1130742
566.3333333333334,1.0361195294813328,42.2631327006327,6.833333333333333,1.8333333333333333,0.12603845240920955,1.0498550403637654,1072313
537.0,0.9016223569540034,30.715145965145965,4.666666666666667,0.6666666666666666,0.13415979654392518,1.1151688823288448,1130743
566.3333333333334,1.0361195294813328,42.2631327006327,6.833333333333333,1.8333333333333333,0.12603845240920955,1.0498550403637654,1072314
523.6666666666666,0.936657989218601,45.302161142234674,4.166666666666667,1.0,0.12227438706311944,0.9697841993496765,1122279
410.3333333333333,0.9628020009332809,39.385494475568,4.0,0.5,0.09295774647887323,0.9752636437041816,1122280
737.1666666666666,0.9501001496934478,47.45894024276378,6.0,1.8333333333333333,0.13152964660163272,0.9951080502603586,1122281
184.5,0.7683248289492316,28.132936507936506,1.8333333333333333,0.16666666666666666,0.09154460719041278,0.987879693411278,1134033
167.33333333333334,0.8206171451730163,27.862698412698407,2.6666666666666665,0.3333333333333333,0.12228140148694026,1.0227131339496085,1134034
805.6666666666666,0.9418250670521539,45.73333333333333,5.833333333333333,2.0,0.1383153314633851,0.998340217694429,1122283
167.33333333333334,0.8206171451730163,27.862698412698407,2.6666666666666665,0.3333333333333333,0.12228140148694026,1.0227131339496085,1134035
170.0,0.7858949229507942,30.418253968253964,2.6666666666666665,0.3333333333333333,0.11756133959107805,0.9651872176091838,1134036
289.3333333333333,1.0114023807693788,34.05528846153846,3.6666666666666665,0.5,0.07433365810403669,1.1232022336994674,1122284
262.6666666666667,0.7649882254225068,27.986721611721617,2.6666666666666665,0.16666666666666666,0.11044831019865102,1.0085318906704879,1134037
538.1666666666666,1.0338360364642438,42.34148027898028,6.333333333333333,1.8333333333333333,0.1178334755358254,1.066499112799855,1115775
391.8333333333333,0.9153388664195035,33.782646057646055,5.166666666666667,0.8333333333333334,0.09530756139071238,1.1233980629555769,1115776
538.1666666666666,1.0338360364642438,42.34148027898028,6.333333333333333,1.8333333333333333,0.1178334755358254,1.066499112799855,1115777
226.5,0.8026991499284645,26.841483516483517,2.3333333333333335,0.16666666666666666,0.09268762473681498,1.0845180498860132,1133001
235.16666666666666,0.7560198519612841,26.946428571428573,3.1666666666666665,0.3333333333333333,0.06794231835829175,1.1799855826967505,1133003
33.833333333333336,0.8546149812543256,33.833333333333336,1.0,0.16666666666666666,0.15884194053208137,1.2438058412621638,1133005
159.83333333333334,0.8209046998083971,26.579365079365076,2.5,0.3333333333333333,0.11941580756013744,1.0308493273811725,1133004
63.833333333333336,0.7253688179192954,23.722222222222225,1.8333333333333333,0.0,0.11659192825112108,1.220055890140856,1133002
538.1666666666666,1.0338360364642438,42.34148027898028,6.333333333333333,1.8333333333333333,0.1178334755358254,1.066499112799855,1115778
63.833333333333336,0.7253688179192954,23.722222222222225,1.8333333333333333,0.0,0.11659192825112108,1.220055890140856,1133007
328.8333333333333,0.9194824908792034,32.05258907758908,5.0,0.6666666666666666,0.06911013858497447,1.12925396758518,1115779
158.66666666666666,0.7920585459622432,27.1015873015873,2.5,0.3333333333333333,0.1113270809469263,0.9808292306163896,1133012
282.0,0.8495206331140969,26.830331705331705,4.333333333333333,0.3333333333333333,0.07633454450670164,1.1524422118692659,1133010
70.16666666666667,0.7344349924812507,27.638888888888886,2.5,0.0,0.0,,1133019
251.66666666666666,0.7737686607275092,20.621998371998373,4.166666666666667,0.3333333333333333,0.07766690884778692,1.1044304042709,1133018
338.5,0.7493137953821293,24.68068181818182,4.333333333333333,0.8333333333333334,0.11408010380433596,0.9367726609241354,1133022
56.333333333333336,0.7589708745404277,19.083333333333332,1.8333333333333333,0.0,0.07025411061285501,1.3852557210357543,1133023
455.0,0.7959976063287266,26.374428104575163,9.0,1.0,0.13529411764705881,1.035620280615203,1133025
399.6666666666667,0.7939886920993381,29.626388888888894,4.5,1.0,0.13889079051456796,0.975092672406678,1133026
170.33333333333334,0.7704136577328198,23.356150793650794,3.6666666666666665,0.0,0.07550125313283208,1.2165662170611615,1133027
455.0,0.7959976063287266,26.374428104575163,9.0,1.0,0.13529411764705881,1.035620280615203,1133030
237.16666666666666,0.8105951945176058,25.330331705331705,3.6666666666666665,0.16666666666666666,0.06851549453830272,0.9911591283387713,1133031
222.16666666666666,0.9350617079476811,35.31481481481482,1.6666666666666667,0.0,0.09126984126984128,1.4993419580279164,1119537
442.1666666666667,0.9910756660389654,36.65060125060125,3.0,1.5,0.12390894078792168,1.066426380014314,1119538
456.3333333333333,0.9448744823285155,36.87880637880638,3.0,1.0,0.12835284589357754,0.9856611641951569,1119539
240.83333333333334,0.9693129028261104,42.10648148148148,1.5,0.0,0.09027777777777779,1.0735822094396572,1119540
243.83333333333334,0.9281041116173192,45.85648148148149,1.5,0.0,0.09027777777777779,1.0735822094396572,1119541
456.8333333333333,0.981154637051402,36.51954711954712,3.0,1.5,0.12493222782327795,1.057210218851384,1119546
164.83333333333334,0.8726928187135187,31.547619047619047,1.8333333333333333,0.6666666666666666,0.145285664213109,1.4425371047428657,1142920
456.8333333333333,0.981154637051402,36.51954711954712,3.0,1.5,0.12493222782327795,1.057210218851384,1119547
74.33333333333333,0.44858454565199296,10.928571428571429,3.8333333333333335,0.16666666666666666,0.03400809716599191,0.7212105462105463,1142921
671.1666666666666,0.9105340976304008,41.20805352055352,4.333333333333333,1.8333333333333333,0.13336445689386867,0.9801127426139545,1119548
81.16666666666667,0.4814538985213459,14.423015873015872,3.6666666666666665,0.16666666666666666,0.03616734143049933,0.7349573257467995,1142922
136.33333333333334,1.0931176026653413,40.666666666666664,1.3333333333333333,0.3333333333333333,0.11359496535934553,1.3913608804052595,1142923
199.83333333333334,0.7928913363584638,29.668650793650798,2.8333333333333335,0.5,0.1518350930115636,1.126965512099124,1146720
162.83333333333334,0.9268469978676978,36.180952380952384,1.6666666666666667,0.5,0.1391669183614113,1.1532923639620714,1142924
329.3333333333333,0.8538994875712237,32.001430976430974,7.333333333333333,0.5,0.1421383647798742,1.0492292917867039,1146721
199.83333333333334,0.7928913363584638,29.668650793650798,2.8333333333333335,0.5,0.1518350930115636,1.126965512099124,1146722
283.5,0.851893856106903,29.886574074074073,3.3333333333333335,0.3333333333333333,0.11884306987399769,1.1763817362842037,1142584
283.5,0.851893856106903,29.886574074074073,3.3333333333333335,0.3333333333333333,0.11884306987399769,1.1763817362842037,1142585
246.66666666666666,0.8747359383494171,37.59444444444444,2.6666666666666665,0.5,0.12099811676082865,0.9008978032116954,1142586
283.5,0.851893856106903,29.886574074074073,3.3333333333333335,0.3333333333333333,0.11884306987399769,1.1763817362842037,1142588
252.16666666666666,0.7552989506994163,23.975427350427353,4.166666666666667,0.5,0.08966537252726936,1.022999484768752,1150146
315.8333333333333,0.8292317774021608,30.013306138306138,4.833333333333333,0.8333333333333334,0.11089835649224163,1.1102079945009455,1150147
374.6666666666667,0.7800970817537158,27.174603174603178,6.0,0.8333333333333334,0.13427930094596763,1.060024284343257,1150148
177.0,0.7388829898128039,26.313492063492067,2.8333333333333335,0.5,0.13403410113649764,1.2191985139254071,1153243
84.83333333333333,0.6666667486878843,21.63888888888889,3.0,0.16666666666666666,0.15884194053208137,1.2438058412621638,1153244
289.6666666666667,0.8131977309333317,28.87441724941725,4.5,0.8333333333333334,0.11311688117332873,1.151056085840424,1153245
370.1666666666667,0.8430536695779655,29.665140415140414,4.166666666666667,0.8333333333333334,0.08509984639016897,0.9252548935404327,1153246
377.8333333333333,0.998986896098808,43.49411375661376,3.1666666666666665,1.3333333333333333,0.15228644467113572,1.1835224582683619,1153247
297.1666666666667,0.7954739565720965,27.679972804972806,4.5,0.8333333333333334,0.10717243590761404,1.054880679385728,1153248
136.16666666666666,0.7123751040498029,19.38888888888889,3.0,0.3333333333333333,0.07377549433305931,1.152851141743581,1153249
311.1666666666667,0.7929463036166869,29.429972804972806,4.666666666666667,0.6666666666666666,0.1130244426449501,1.061798421707552,1153250
391.8333333333333,0.9651592779338404,40.16078042328042,3.5,1.3333333333333333,0.1550145639862996,1.1374733436397761,1153251
251.16666666666666,0.7251175711772068,22.479242979242983,3.8333333333333335,0.5,0.07701226413426,1.0038047898596634,1153252
170.83333333333334,0.7373659737630325,16.915140415140417,3.3333333333333335,0.16666666666666666,0.04520892922679637,1.3582175131476144,1153254
172.66666666666666,0.7403574267544856,16.63736263736264,3.5,0.16666666666666666,0.047678065029265505,1.269504767361892,1153255
296.5,0.7338898248447677,24.96848290598291,5.166666666666667,0.3333333333333333,0.09973009446693655,0.9280405109019937,1144146
121.33333333333333,0.791137436945578,21.39603174603175,2.6666666666666665,0.16666666666666666,0.037473139697715964,0.812974025176484,1144147
296.5,0.7338898248447677,24.96848290598291,5.166666666666667,0.3333333333333333,0.09973009446693655,0.9280405109019937,1144148
205.0,0.8281195573246599,21.859004884004886,4.5,0.3333333333333333,0.07963395638629282,1.136775191349581,1140381
189.5,0.717495671610661,18.128205128205128,3.6666666666666665,0.16666666666666666,0.05256115133785278,1.2103020188544087,1153635
282.8333333333333,0.8192505045776968,29.842929292929295,6.0,0.8333333333333334,0.12443267776096824,0.9834373771504388,1157754
318.5,0.8439978151230486,28.245955433455432,5.0,0.8333333333333334,0.1300944669365722,1.1338705877681348,1153636
318.5,0.8439978151230486,28.245955433455432,5.0,0.8333333333333334,0.1300944669365722,1.1338705877681348,1153637
282.8333333333333,0.8192505045776968,29.842929292929295,6.0,0.8333333333333334,0.12443267776096824,0.9834373771504388,1157756
527.1666666666666,0.8838384778266118,42.13339438339438,4.166666666666667,1.3333333333333333,0.1209190230280001,0.9710425519880562,1157757
269.0,0.8033191320286771,29.278114478114478,5.333333333333333,0.8333333333333334,0.1223076400185274,0.9861104791714462,1157758
205.5,0.9283591362863254,29.811111111111106,1.0,0.16666666666666666,0.09758203799654579,0.9675406918930234,1144986
293.3333333333333,0.9467338275928304,34.19166666666667,2.8333333333333335,0.5,0.12478321193201529,1.156511748686395,1157378
293.3333333333333,0.9467338275928304,34.19166666666667,2.8333333333333335,0.5,0.12478321193201529,1.156511748686395,1157379
229.33333333333334,0.8585270859355295,33.02222222222222,1.0,0.16666666666666666,0.09758203799654579,0.9675406918930234,1144987
206.0,0.8767246008282513,30.460846560846562,3.1666666666666665,0.3333333333333333,0.0673083114407871,1.0306611325755048,1144988
231.5,0.7990931533809903,26.103114478114477,4.666666666666667,0.6666666666666666,0.09976240046666257,1.034588044180824,1153314
468.5,0.7999793616548004,41.85415499533146,5.166666666666667,1.6666666666666667,0.1266411060764494,1.0038452931402144,1153315
238.83333333333334,0.748837305427774,31.06144781144781,4.333333333333333,0.6666666666666666,0.10260707037551654,0.8789391631951012,1153316
322.0,0.847485428493731,37.975,2.8,0.6,0.13544064087653793,0.9928348588425149,1153840
276.1666666666667,1.3088019596422118,39.479166666666664,2.5,0.5,0.11679959698212163,1.4635030990817681,1153841
328.5,1.278767901478114,39.098106060606064,2.5,0.5,0.11445888856015192,1.400559403237872,1153842
338.2,0.9129127549279197,39.181585081585084,2.0,0.2,0.06828087167070218,0.9276108648170739,1144997
269.3333333333333,0.9133359051362152,49.72274947274946,1.6666666666666667,0.16666666666666666,0.0828707472923297,0.992759923793786,1144998
269.3333333333333,0.9133359051362152,49.72274947274946,1.6666666666666667,0.16666666666666666,0.0828707472923297,0.992759923793786,1144999
269.3333333333333,0.8354373333489492,29.8462962962963,2.6666666666666665,0.6666666666666666,0.10526315789473684,1.1096857978979586,1144156
407.0,0.8675725002411726,38.06602564102564,6.0,1.0,0.1529505582137161,0.9836608593377033,1144157
659.3333333333334,0.9109488722394801,43.48034188034188,5.666666666666667,1.5,0.14795872588604758,1.002473728474746,1153692
12.0,0.7250180375180375,12.0,1.0,0.0,,,1170455
291.5,0.8425869577789546,31.987962962962964,3.3333333333333335,0.6666666666666666,0.10308480282286013,1.0702909880459772,1144159
368.1666666666667,0.8289369178850725,37.20227272727273,2.8333333333333335,0.5,0.12977084259096444,0.9270156275690177,1153693
96.33333333333333,0.6734397859837431,18.36111111111111,3.3333333333333335,0.0,0.08963178294573643,0.9625535943035083,1170456
388.0,0.8086810965221827,36.2247557997558,5.833333333333333,1.0,0.1514354066985646,0.9541154047922489,1144160
459.6666666666667,0.8986448078778161,33.00119047619048,6.0,0.8333333333333334,0.10501407033735079,0.9664903568830979,1153694
493.0,0.8743487965288325,33.97875457875458,6.0,0.8333333333333334,0.11026189084757658,0.9509959166268559,1153695
361.6666666666667,0.8225293720920269,37.66931216931217,4.833333333333333,1.1666666666666667,0.11021058464948741,1.0423238455043282,1153844
361.6666666666667,0.8225293720920269,37.66931216931217,4.833333333333333,1.1666666666666667,0.11021058464948741,1.0423238455043282,1153845
374.0,0.8276489964230822,31.16736111111111,5.333333333333333,0.8333333333333334,0.11546130143193765,1.0965991121286243,1158066
335.6666666666667,0.8757679872932903,39.975,2.5,0.5,0.11318146992558381,1.0485084079922504,1153846
374.0,0.8276489964230822,31.16736111111111,5.333333333333333,0.8333333333333334,0.11546130143193765,1.0965991121286243,1158067
505.8333333333333,0.9950412044448558,42.6670634920635,4.166666666666667,0.8333333333333334,0.12416176622304755,0.9993960973530558,1158069
157.66666666666666,0.6778321320960731,22.22083333333333,4.0,0.16666666666666666,0.12365591397849462,1.0610626810569384,1168115
234.5,0.9075340350044137,44.746558996558996,1.6666666666666667,0.16666666666666666,0.08004588853526755,0.9726211642482467,1168242
505.8333333333333,0.9950412044448558,42.6670634920635,4.166666666666667,0.8333333333333334,0.12416176622304755,0.9993960973530558,1158070
226.16666666666666,0.9617481127685957,27.886574074074073,4.166666666666667,0.16666666666666666,0.09184914841849147,0.9566910771067795,1144167
659.3333333333334,0.9109488722394801,43.48034188034188,5.666666666666667,1.5,0.14795872588604758,1.002473728474746,1168243
279.3333333333333,0.7365472117810749,28.409576534576534,5.833333333333333,0.5,0.10338274420372483,0.9828677096875059,1168117
280.0,0.8301217824266113,41.92314814814815,3.1666666666666665,0.6666666666666666,0.09838892326405725,1.0037823225682871,1144168
247.66666666666666,0.8583784359327203,24.132640507640513,6.0,0.6666666666666666,0.09549600912200684,1.24438535225406,1168118
269.3333333333333,0.9133359051362152,49.72274947274946,1.6666666666666667,0.16666666666666666,0.0828707472923297,0.992759923793786,1168244
573.6666666666666,0.9009433175751989,44.08730158730159,5.0,1.6666666666666667,0.12902224013353855,0.9705213783197119,1168245
257.1666666666667,0.7598729653034577,25.108650608650606,6.0,0.5,0.09312048650703154,1.045179726710174,1168119
141.83333333333334,0.9230214964246507,24.509259259259256,3.3333333333333335,0.16666666666666666,0.06082725060827251,0.9650759194221006,1144170
217.0,1.0051313409061475,44.10534188034188,2.0,0.3333333333333333,0.09538296189231084,1.224442680449555,1168246
228.6,0.666357785537699,32.39076923076923,3.6,0.6,0.07283019670388091,0.6456184187572446,1174238
221.33333333333334,1.2963355147127076,30.59426847662142,3.3333333333333335,0.3333333333333333,0.062,1.7227692977636613,1174239
477.0,0.8883846925840596,39.79423076923077,2.8333333333333335,0.5,0.1309203459389036,1.0123734508415427,1174240
477.0,0.8883846925840596,39.79423076923077,2.8333333333333335,0.5,0.1309203459389036,1.0123734508415427,1174241
477.0,0.8883846925840596,39.79423076923077,2.8333333333333335,0.5,0.1309203459389036,1.0123734508415427,1174242
63.166666666666664,0.6521927290156456,17.23611111111111,1.0,0.0,0.09689922480620154,0.9706675733477198,1179272
160.0,0.6521467199046461,26.688492063492063,1.0,0.16666666666666666,0.1456989247311828,0.8636400233063192,1161014
280.5,0.8031211604518281,28.13392857142857,2.25,0.25,0.09483506944444443,0.8072935843353617,1168508
218.0,0.7756206027784122,22.973544973544975,2.3333333333333335,0.3333333333333333,0.06857533565580802,0.8485112116708411,1168509
143.5,0.5456951070014203,22.563492063492063,1.0,0.16666666666666666,0.13118279569892474,0.8499809311933895,1168511
541.2,1.1088895337451024,45.152507492507496,4.2,1.2,0.1492254189061018,1.1013360557117167,1152842
239.83333333333334,0.9408043617843894,38.58465608465608,2.5,0.5,0.08331384588054143,1.0980742558404373,1168512
480.8333333333333,0.8940860560290478,34.65847816399287,6.166666666666667,0.6666666666666666,0.14725925925925928,1.0479465872945235,1152843
160.0,0.6521467199046461,26.688492063492063,1.0,0.16666666666666666,0.1456989247311828,0.8636400233063192,1168513
519.1666666666666,0.9283432478300995,37.57502828054299,6.5,1.0,0.1595555555555556,1.133474296846402,1152844
155.66666666666666,0.6125943271653721,24.377380952380957,1.0,0.16666666666666666,0.14731182795698924,0.9074700284266468,1168515
433.1666666666667,1.013457285257058,37.753015503015504,4.0,0.5,0.1093523204608336,1.0277493130093407,1152845
279.1666666666667,0.755277177582777,27.239730639730638,3.8333333333333335,0.8333333333333334,0.11779961779961783,1.052847248409127,1168516
504.8333333333333,1.0593342429450392,43.608571058571066,4.166666666666667,1.0,0.1314695487465786,1.0739909954756306,1144483
513.3333333333334,0.804585579841398,33.10660155476332,6.5,0.8333333333333334,0.14622222222222225,0.9405818927481321,1144484
244.33333333333334,0.7698055389467927,24.40185185185185,3.8333333333333335,0.6666666666666666,0.1147461828228517,1.0469571788882621,1144486
256.5,0.9489379043528613,37.95716783216783,3.8333333333333335,0.3333333333333333,0.11313868613138685,1.0028636552457098,1144485
515.0,0.8160553401319556,36.67803258832671,6.166666666666667,1.0,0.11686670878079596,1.0329771111242083,1144487
581.5,0.9351028948190917,37.6977829768271,6.833333333333333,1.0,0.1595555555555556,1.133474296846402,1144488
515.0,0.8160553401319556,36.67803258832671,6.166666666666667,1.0,0.11686670878079596,1.0329771111242083,1144491
456.1666666666667,0.931965130425581,39.61402116402116,4.333333333333333,0.8333333333333334,0.10903536599694513,1.0918786566926457,1144490
537.5,0.8641668595935594,44.554813485734535,3.6666666666666665,1.3333333333333333,0.11720067453625632,1.0025142134757667,1144492
504.8333333333333,1.0593342429450392,43.608571058571066,4.166666666666667,1.0,0.1314695487465786,1.0739909954756306,1144494
227.83333333333334,0.778962792700337,23.88518518518519,3.3333333333333335,0.6666666666666666,0.1048869574976647,1.0490143411654742,1144495
701.6666666666666,0.9130508164395956,38.14625,5.666666666666667,1.3333333333333333,0.12138657520823125,1.1481560912358688,1144496
613.1666666666666,0.8796380807430141,48.75851718943824,3.6666666666666665,1.3333333333333333,0.12468098400886278,0.9844110421691233,1144499
369.6666666666667,1.0257411543719932,36.54877645502645,3.3333333333333335,0.5,0.09872346884520321,1.170136712493225,1144501
613.1666666666666,0.8796380807430141,48.75851718943824,3.6666666666666665,1.3333333333333333,0.12468098400886278,0.9844110421691233,1144502
387.5,0.969871324688295,37.632109788359784,3.3333333333333335,0.5,0.10613846556398614,1.1783931290772873,1144505
440.0,1.0018448854556816,36.88432863432864,4.166666666666667,0.6666666666666666,0.10911382773486174,1.021320880328037,1144506
456.8333333333333,0.8995510616805772,38.850132275132275,4.5,0.8333333333333334,0.1075079309129362,1.0460928848589213,1144507
537.5,0.8641668595935594,44.554813485734535,3.6666666666666665,1.3333333333333333,0.11720067453625632,1.0025142134757667,1144508
268.3333333333333,0.853389541067508,37.3738344988345,4.0,0.16666666666666666,0.11313868613138685,1.0028636552457098,1144509
479.8333333333333,0.9871052461273967,39.19151404151404,5.333333333333333,1.1666666666666667,0.13309228650137742,1.0545065230194528,1144511
628.8333333333334,0.9509177684339147,40.07625,5.0,1.1666666666666667,0.10871422679553776,1.2021689377312044,1144510
513.3333333333334,0.804585579841398,33.10660155476332,6.5,0.8333333333333334,0.14622222222222225,0.9405818927481321,1144512
542.6666666666666,0.8399741419551455,36.51599555128967,6.5,1.1666666666666667,0.12076015780011244,1.0485711058333318,1144513
537.5,0.8641668595935594,44.554813485734535,3.6666666666666665,1.3333333333333333,0.11720067453625632,1.0025142134757667,1144514
479.8333333333333,0.9871052461273967,39.19151404151404,5.333333333333333,1.1666666666666667,0.13309228650137742,1.0545065230194528,1144515
628.8333333333334,0.9509177684339147,40.07625,5.0,1.1666666666666667,0.10871422679553776,1.2021689377312044,1144516
268.3333333333333,0.853389541067508,37.3738344988345,4.0,0.16666666666666666,0.11313868613138685,1.0028636552457098,1144517
281.8333333333333,0.778172456040512,27.506397306397304,3.8333333333333335,0.8333333333333334,0.11201618009284897,1.0411711612776675,1144518
537.5,0.8641668595935594,44.554813485734535,3.6666666666666665,1.3333333333333333,0.11720067453625632,1.0025142134757667,1144519
504.8333333333333,1.0593342429450392,43.608571058571066,4.166666666666667,1.0,0.1314695487465786,1.0739909954756306,1144520
165.66666666666666,0.7337192054932093,28.41955266955267,2.1666666666666665,0.0,0.08562691131498472,1.7671937016071313,1168517
208.66666666666666,0.8183285654577518,35.53409090909091,3.3333333333333335,0.0,0.10523114355231143,1.008445749105799,1144521
585.0,0.8891717690059444,35.82625,5.333333333333333,1.0,0.10192711990886139,1.1285554362718038,1144522
504.8333333333333,1.0593342429450392,43.608571058571066,4.166666666666667,1.0,0.1314695487465786,1.0739909954756306,1144523
369.6666666666667,1.0257411543719932,36.54877645502645,3.3333333333333335,0.5,0.09872346884520321,1.170136712493225,1144524
335.3333333333333,0.7021522902879047,26.097619047619048,4.0,0.16666666666666666,0.1326632964211202,0.9334406774120213,1168518
513.3333333333334,0.804585579841398,33.10660155476332,6.5,0.8333333333333334,0.14622222222222225,0.9405818927481321,1144525
415.6666666666667,0.8893966083827363,35.23253968253968,4.833333333333333,0.8333333333333334,0.10345435318998941,1.0056052149506034,1144527
268.3333333333333,0.853389541067508,37.3738344988345,4.0,0.16666666666666666,0.11313868613138685,1.0028636552457098,1144526
163.83333333333334,0.697221480083424,29.336219336219333,2.3333333333333335,0.0,0.10244648318042815,1.3665083392977204,1168519
491.3333333333333,0.951467685906473,39.69609279609279,5.333333333333333,1.1666666666666667,0.1349012272365668,1.030900967033493,1144528
486.6666666666667,0.8901311223663783,41.87425793017898,3.5,1.0,0.09298049824991021,1.039732902369904,1144529
250.0,0.8952655879686805,28.20716783216783,3.8333333333333335,0.16666666666666666,0.11313868613138685,1.0028636552457098,1193504
469.3333333333333,0.8021383645112389,33.125002285296404,6.5,1.1666666666666667,0.10260054748368076,1.0134017572640845,1193505
161.0,0.8366790239626463,21.928535353535352,3.5,0.16666666666666666,0.09023866584040319,1.5290164905372723,1193506
26.166666666666668,0.9981232180720673,26.166666666666668,1.0,0.16666666666666666,0.16152263374485595,1.2384121409412685,1196670
26.166666666666668,0.9981232180720673,26.166666666666668,1.0,0.16666666666666666,0.16152263374485595,1.2384121409412685,1196672
55.0,0.6869098434421016,29.083333333333332,1.8333333333333333,0.0,0.15759075907590758,0.9243642226064711,1196673
55.0,0.6869098434421016,29.083333333333332,1.8333333333333333,0.0,0.15759075907590758,0.9243642226064711,1196674
26.166666666666668,0.9981232180720673,26.166666666666668,1.0,0.16666666666666666,0.16152263374485595,1.2384121409412685,1196675
30.666666666666668,0.8836523394229693,30.666666666666668,1.0,0.0,0.13876319758672698,1.2115233431907677,1199226
28.0,0.5410207665260925,14.0,2.0,0.16666666666666666,0.16666666666666666,0.9538662156177535,1199227
22.5,0.914789884738734,22.5,1.0,0.16666666666666666,0.1388888888888889,1.1350170792128733,1199229
30.5,1.070521026291656,30.5,1.0,0.16666666666666666,0.13800904977375564,1.467727922924759,1199230
601.3333333333334,0.9293403600040685,37.9173030615755,7.0,0.5,0.13218390804597702,1.0618162126191006,1198487
127.0,0.9698666775587031,27.54722222222222,3.8333333333333335,0.3333333333333333,0.046275674338035144,1.7679540860030836,1198488
300.8333333333333,0.7920479453208925,25.787198912198914,7.666666666666667,0.5,0.10388970950270804,1.0861928043603395,1193497
445.5,0.8842081419904946,34.115178571428565,6.833333333333333,0.8333333333333334,0.10026525198938992,1.0521242973071043,1193498
283.3333333333333,0.7789548522277995,25.330488955488956,7.0,0.3333333333333333,0.10118168389955688,1.0961961575581867,1193499
22.25,0.7286058061052308,8.9375,1.5,0.0,0.024271844660194174,0.7542183687243652,1206059
74.0,0.6033164002066981,20.875,2.6666666666666665,0.5,0.1386494252873563,1.0020129059385405,1206060
67.83333333333333,0.6069673677130872,21.083333333333332,2.3333333333333335,0.3333333333333333,0.12751436781609193,1.00271565955533,1206062
67.83333333333333,0.6069673677130872,21.083333333333332,2.3333333333333335,0.3333333333333333,0.12751436781609193,1.00271565955533,1206063
155.0,0.7359965442660389,29.444444444444443,2.6666666666666665,0.3333333333333333,0.1285878300803674,0.9773839711952553,1206064
495.6666666666667,0.8686408910901694,37.52962962962963,6.0,1.3333333333333333,0.09919690660321238,0.9662308830508088,1187021
485.6666666666667,0.8567722042214824,44.86296296296297,5.833333333333333,1.3333333333333333,0.09815585960737656,1.039142437412309,1187022
445.5,0.8842081419904946,34.115178571428565,6.833333333333333,0.8333333333333334,0.10026525198938992,1.0521242973071043,1187023
44.833333333333336,0.46429898605735026,15.236111111111112,1.6666666666666667,0.16666666666666666,0.0593311758360302,0.8640490877507225,1211169
44.833333333333336,0.46429898605735026,15.236111111111112,1.6666666666666667,0.16666666666666666,0.0593311758360302,0.8640490877507225,1211170
350.5,0.8530168867330445,29.82724358974359,4.666666666666667,0.16666666666666666,0.1297134238310709,1.0894402239403285,1203673
131.16666666666666,0.6532093070018179,26.233333333333334,4.0,0.16666666666666666,0.1309699655342196,0.9383412298851758,1211171
131.16666666666666,0.6532093070018179,26.233333333333334,4.0,0.16666666666666666,0.1309699655342196,0.9383412298851758,1211173
350.5,0.8530168867330445,29.82724358974359,4.666666666666667,0.16666666666666666,0.1297134238310709,1.0894402239403285,1203674
513.8333333333334,0.8857097232634098,38.54138176638177,5.666666666666667,1.3333333333333333,0.09834404296531858,0.9598367290258362,1187027
488.6666666666667,0.8446743697280562,34.22888176638177,5.666666666666667,1.5,0.09601408064130511,0.8353309794393975,1187028
551.1666666666666,0.9624738498203058,39.75757575757576,7.166666666666667,1.8333333333333333,0.09041956472963876,1.0797176572733787,1187029
595.5,1.0052189044962738,41.8183788347875,8.0,1.6666666666666667,0.1179434720012124,0.9513261360689219,1185310
423.25,0.8349061870688504,47.13194444444444,5.5,1.0,0.09540452111838191,0.9925407062341448,1187682
74.0,0.6033164002066981,20.875,2.6666666666666665,0.5,0.1386494252873563,1.0020129059385405,1215123
12.0,0.42463142319074526,12.0,1.0,0.0,,,1215124
332.3333333333333,0.893223791305457,32.46645299145299,7.166666666666667,0.8333333333333334,0.11526479750778817,1.1249381925393724,1187683
211.83333333333334,0.8000314343307147,39.97138047138047,3.8333333333333335,0.3333333333333333,0.09086595492289441,0.8744597424340089,1185312
16.5,0.4601513281224148,16.5,1.0,0.0,0.14560439560439561,1.0327907386730915,1215125
163.83333333333334,0.6790270870214842,26.871428571428567,3.5,0.6666666666666666,0.1486361534905224,1.0046600967943624,1215126
243.83333333333334,1.2021554003682509,26.40740740740741,3.5,0.5,0.05255757494217181,1.285576530267096,1187684
189.66666666666666,0.6508675454652302,22.71666666666667,4.5,0.3333333333333333,0.11676447677449207,0.987057311311958,1215127
498.0,0.8923370907410232,35.48223631239936,6.333333333333333,1.0,0.08992248062015502,1.034504875901664,1213871
375.5,0.8070038175828276,33.29615384615384,6.833333333333333,0.6666666666666666,0.143596110076557,0.9502670742730439,1213872
192.6,0.7830216137524447,40.82597402597403,4.2,0.4,0.08,0.8488600006191696,1185319
309.0,0.8560880621581478,29.363455988455993,7.666666666666667,0.0,0.09713638236505974,1.125159617687902,1214667
375.5,0.8070038175828276,33.29615384615384,6.833333333333333,0.6666666666666666,0.143596110076557,0.9502670742730439,1213873
298.8333333333333,0.8177242410199365,32.321789321789325,6.833333333333333,0.0,0.09912177433089674,0.9535887985538823,1214668
540.5,0.8804632678097236,35.377946127946124,8.166666666666666,1.6666666666666667,0.08727843841148754,0.9421305372136096,1185320
526.6666666666666,1.1837198728735576,39.563131313131315,6.333333333333333,1.5,0.08615660758357639,1.225288434118141,1185321
540.5,0.8804632678097236,35.377946127946124,8.166666666666666,1.6666666666666667,0.08727843841148754,0.9421305372136096,1183537
40.5,0.7684391376372739,20.25,1.0,0.0,,,1198247
34.0,0.6618817605880934,17.0,1.0,0.0,,,1198248
85.83333333333333,0.9894215780118479,32.041666666666664,1.6666666666666667,0.3333333333333333,0.11788617886178861,1.0849233200406994,1198249
177.5,0.842998390879034,29.016269841269843,2.8333333333333335,0.3333333333333333,0.15987780040733196,1.3171294886723546,1198238
79.83333333333333,0.9355340024930667,26.430555555555554,1.6666666666666667,0.16666666666666666,0.1040650406504065,1.0173913213639052,1198239
79.83333333333333,0.9355340024930667,26.430555555555554,1.6666666666666667,0.16666666666666666,0.1040650406504065,1.0173913213639052,1198240
59.5,0.6779356314549392,25.75,1.6666666666666667,0.16666666666666666,,,1233462
267.5,0.9306429660037384,37.32037037037036,3.0,0.3333333333333333,0.13650644046497015,1.0574590455177857,1223955
333.8,0.91835252560895,47.62888888888888,3.2,0.4,0.1355325164938737,1.0069700379072868,1223956
