batsman,country,total_runs,run_rate,average_score,opponent_variability,player_of_the_match,winning_contribution,run_rate_effectiveness,match_id
Younis Khan,Pakistan,463,1.0333333333333334,57.75,6,1,0.21678321678321677,1.780484748226684,589309
V Kohli,India,986,0.9293119698397738,61.625,4,5,0.32599118942731276,1.3164295146143243,589310
SR Patel,England,595,0.9653179190751445,70.25,4,3,0.24220837043633126,1.3345497099949457,565812
GJ Maxwell,Australia,548,1.117117117117117,31.5,6,1,0.07708246995441359,1.4461426310297134,573014
XJ Doherty,Australia,548,1.117117117117117,112.0,6,1,0.07708246995441359,1.4461426310297134,573015
V Kohli,India,986,0.9293119698397738,61.625,4,5,0.32599118942731276,1.3164295146143243,565813
PJ Hughes,Australia,739,0.8782051282051282,112.0,6,2,0.19017725258493354,1.187535400539754,573016
R McLaren,South Africa,537,1.0550098231827112,73.0,3,2,0.3746678476527901,1.2804472984942428,567358
SR Patel,England,595,0.9653179190751445,70.25,4,3,0.24220837043633126,1.3345497099949457,565814
NL McCullum,New Zealand,399,0.9279069767441861,52.333333333333336,3,1,0.1772428884026258,1.220545894276172,567359
TT Bresnan,England,595,2.0,70.25,4,3,0.24220837043633126,5.005080109417742,565815
PJ Hughes,Australia,739,1.117117117117117,112.0,6,2,0.19017725258493354,1.4461426310297134,573018
NL McCullum,New Zealand,399,0.9279069767441861,52.333333333333336,3,1,0.1772428884026258,1.220545894276172,567360
V Kohli,India,986,0.9293119698397738,61.625,5,5,0.32599118942731276,1.3164295146143243,565816
KOA Powell,West Indies,395,1.188191881918819,30.384615384615383,4,2,0.12239221140472879,1.4797163150686385,573022
PJ Hughes,Australia,645,1.117117117117117,112.0,6,1,0.12850812407680945,1.4461426310297134,573023
SR Watson,Australia,645,1.117117117117117,112.0,6,1,0.12850812407680945,1.4461426310297134,573024
KOA Powell,West Indies,395,1.2463768115942029,30.384615384615383,4,2,0.12239221140472879,1.7023341597629558,573025
SR Watson,Australia,342,0.8549618320610687,112.0,4,1,0.0413589364844904,1.0488121145150924,573026
JE Root,England,595,0.9653179190751445,49.583333333333336,4,3,0.24220837043633126,1.3345497099949457,569240
NL McCullum,New Zealand,399,0.9279069767441861,52.333333333333336,3,1,0.12253829321663019,1.220545894276172,569241
NL McCullum,New Zealand,399,0.9279069767441861,52.333333333333336,3,1,0.12253829321663019,1.220545894276172,569242
V Sibanda,Zimbabwe,51,0.8,51.0,1,0,,,593985
HM Amla,South Africa,537,1.0550098231827112,73.0,3,2,0.3746678476527901,1.2804472984942428,567368
HM Amla,South Africa,537,1.0550098231827112,73.0,3,2,0.3746678476527901,1.2804472984942428,567370
R McLaren,South Africa,513,0.9919571045576407,73.28571428571429,3,3,0.3083832335329341,1.1086377245508983,567371
Younis Khan,Pakistan,405,0.8015267175572519,74.5,4,1,0.14728682170542637,1.7260981912144702,567372
Tamim Iqbal,Bangladesh,204,0.8623853211009175,40.8,1,1,0.21286370597243492,1.3016407788230147,623573
Tamim Iqbal,Bangladesh,204,0.8623853211009175,40.8,1,1,0.21286370597243492,1.3016407788230147,623574
Ziaur Rahman,Bangladesh,204,1.2,40.8,1,1,0.21286370597243492,1.564334085778781,623575
WTS Porterfield,Ireland,67,1.2,67.0,1,0,0.4527027027027027,2.3756756756756756,601613
JE Root,England,759,1.4615384615384615,49.1,5,2,0.2628372497824195,1.4338499830924705,566923
MJ Guptill,New Zealand,409,1.034920634920635,57.0,3,1,0.2052863436123348,1.201569383259912,566924
RS Bopara,England,759,0.9852941176470589,49.1,5,2,0.2628372497824195,1.4338499830924705,566925
V Kohli,India,543,0.8709677419354839,45.25,3,3,0.2303282959874935,1.2075550166352667,578614
Shoaib Malik,Pakistan,536,0.7892376681614349,55.5,6,2,0.33665559246954596,1.1475790572954627,578615
RS Bopara,England,759,0.9852941176470589,49.1,5,2,0.2628372497824195,1.4338499830924705,578616
TM Dilshan,Sri Lanka,398,0.8930041152263375,72.2,3,1,0.26062322946175637,1.3427762039660056,578617
R McLaren,South Africa,610,0.9903846153846154,61.0,4,3,0.28440366972477066,1.3556942815754984,578618
MN Samuels,West Indies,481,0.8823529411764706,38.57142857142857,5,2,0.20227765726681127,1.3097908011323947,578619
RS Bopara,England,759,0.9852941176470589,49.1,5,2,0.2628372497824195,1.4338499830924705,578621
RS Bopara,England,759,0.9852941176470589,49.1,5,2,0.2628372497824195,1.4338499830924705,578624
TM Dilshan,Sri Lanka,398,0.8930041152263375,72.2,3,1,0.26062322946175637,1.3427762039660056,578625
R McLaren,South Africa,610,0.9903846153846154,61.0,4,3,0.28440366972477066,1.3556942815754984,566946
TM Dilshan,Sri Lanka,398,1.2023809523809523,72.2,4,1,0.26062322946175637,1.7644774847293907,566947
V Kohli,India,543,0.9466666666666667,94.66666666666667,3,3,0.2303282959874935,1.2075550166352667,566948
WU Tharanga,Sri Lanka,361,0.8930041152263375,72.2,3,1,0.14636449480642116,1.3427762039660056,597923
V Kohli,India,543,0.9466666666666667,94.66666666666667,3,3,0.2303282959874935,1.2075550166352667,597924
WU Tharanga,Sri Lanka,274,0.8930041152263375,30.444444444444443,3,1,0.08876298394711993,1.3427762039660056,597925
WU Tharanga,Sri Lanka,361,0.8930041152263375,72.2,3,1,0.14636449480642116,1.3427762039660056,597929
Wahab Riaz,Pakistan,536,0.8813559322033898,55.5,6,2,0.33665559246954596,1.6782333749546863,645635
MN Samuels,West Indies,481,0.8823529411764706,38.57142857142857,5,2,0.20227765726681127,1.3097908011323947,645637
WU Tharanga,Sri Lanka,398,0.8930041152263375,72.2,3,1,0.26062322946175637,1.2254462443961605,635653
V Sibanda,Zimbabwe,205,1.0751879699248121,51.25,2,1,0.3173277661795407,1.32230740271741,643665
MN Samuels,West Indies,481,0.8823529411764706,38.57142857142857,5,2,0.20227765726681127,1.3097908011323947,645643
V Kohli,India,543,0.9466666666666667,94.66666666666667,3,3,0.2303282959874935,1.2075550166352667,643667
R McLaren,South Africa,610,1.0277777777777777,61.0,4,1,0.2562254259501966,1.3987340659340657,635655
V Sibanda,Zimbabwe,205,1.0751879699248121,51.25,2,1,0.3173277661795407,1.32230740271741,643669
Q de Kock,South Africa,610,1.0277777777777777,61.0,4,3,0.28440366972477066,1.3987340659340657,635656
TM Dilshan,Sri Lanka,398,1.121212121212121,72.2,3,3,0.26062322946175637,1.5106232294617563,635657
V Sibanda,Zimbabwe,205,1.0751879699248121,51.25,2,1,0.3173277661795407,1.32230740271741,643675
V Sibanda,Zimbabwe,205,1.0751879699248121,51.25,2,1,0.3173277661795407,1.32230740271741,643677
Saeed Ajmal,Pakistan,703,0.7727272727272727,42.6,6,3,0.20090548953027731,1.265044331258253,659549
Raza-ur-Rehman,Canada,72,0.813953488372093,72.0,1,0,,,660827
Umar Amin,Pakistan,703,1.6625,42.6,6,3,0.20090548953027731,2.642324888226528,659551
Shahid Afridi,Pakistan,703,1.6625,42.6,6,3,0.20090548953027731,2.642324888226528,659553
WTS Porterfield,Ireland,138,1.0,69.0,2,1,0.3607305936073059,2.0257368202573685,566940
RML Taylor,Scotland,15,1.0,15.0,1,0,,,660837
SR Watson,Australia,360,0.9448818897637795,51.0,3,1,0.16840171463563994,1.2268328038885488,566942
SR Watson,Australia,360,0.9448818897637795,51.0,3,1,0.16840171463563994,1.2268328038885488,566944
SR Watson,Australia,458,0.9448818897637795,51.0,3,2,0.21049922799794132,1.2268328038885488,566945
SR Watson,Australia,458,0.9448818897637795,51.0,3,2,0.21049922799794132,1.2268328038885488,647249
SR Watson,Australia,458,1.1224489795918366,51.0,3,2,0.21049922799794132,1.3662418873466293,647251
V Kohli,India,695,0.9087248322147651,52.07692307692308,7,3,0.20235818992989166,1.1398617066007017,647253
SR Watson,Australia,458,1.1224489795918366,51.0,3,2,0.21049922799794132,1.3662418873466293,647259
JP Duminy,South Africa,596,0.9122257053291536,49.666666666666664,5,1,0.2423841059602649,1.2197019867549668,649091
Tamim Iqbal,Bangladesh,301,0.822742474916388,43.0,2,1,0.16252821670428894,1.1341422121896163,668955
Umar Amin,Pakistan,801,1.4444444444444444,44.5,6,4,0.18886198547215496,1.8840589020111675,649093
Yuvraj Singh,India,695,0.9087248322147651,52.07692307692308,7,3,0.20235818992989166,1.1398617066007017,647261
TWM Latham,New Zealand,383,0.8461538461538461,42.55555555555556,3,0,0.09919766593727207,0.9654863735826535,668957
Q de Kock,South Africa,596,0.9122257053291536,49.666666666666664,5,2,0.2423841059602649,1.2197019867549668,649095
Q de Kock,South Africa,596,0.9122257053291536,49.666666666666664,5,2,0.2423841059602649,1.2197019867549668,649097
Q de Kock,South Africa,596,0.9122257053291536,49.666666666666664,5,2,0.2423841059602649,1.2197019867549668,649099
MN Samuels,West Indies,666,0.837248322147651,49.9,6,2,0.20981087470449172,1.2759625126646403,676529
V Kohli,India,695,0.9087248322147651,52.07692307692308,7,3,0.20235818992989166,1.1398617066007017,676531
Umar Akmal,Pakistan,801,1.4444444444444444,44.5,6,4,0.18886198547215496,1.8840589020111675,685731
Umar Akmal,Pakistan,801,1.4444444444444444,44.5,6,4,0.18886198547215496,1.8840589020111675,685733
MN Samuels,West Indies,666,0.837248322147651,49.9,6,2,0.20981087470449172,1.2759625126646403,676533
Umar Amin,Pakistan,801,0.8277777777777777,44.5,6,4,0.18886198547215496,1.239774011299435,685735
Q de Kock,South Africa,596,0.9122257053291536,49.666666666666664,5,2,0.2423841059602649,1.2197019867549668,648651
R McLaren,South Africa,596,0.9122257053291536,49.666666666666664,5,2,0.2423841059602649,1.2197019867549668,648653
Umar Akmal,Pakistan,507,1.56,54.5,6,1,0.13075060532687652,2.1195789473684212,657637
Sohaib Maqsood,Pakistan,801,1.4444444444444444,61.0,6,4,0.18886198547215496,1.8840589020111675,657639
Umar Akmal,Pakistan,801,1.4444444444444444,61.0,6,4,0.18886198547215496,1.8840589020111675,657641
TM Dilshan,Sri Lanka,740,1.03125,56.92307692307692,7,2,0.24548402037980546,1.4709031959240388,657643
NL McCullum,New Zealand,427,0.9736147757255936,49.5,4,2,0.25091174325309995,1.2350914258406902,661685
Umar Akmal,Pakistan,801,1.0,61.0,6,4,0.18886198547215496,1.300099042588313,657645
MJ Guptill,New Zealand,396,1.0307692307692307,49.5,4,2,0.25091174325309995,1.2350914258406902,661689
LMP Simmons,West Indies,499,1.1206896551724137,49.9,5,2,0.17494089834515367,1.1705604227506605,661693
RS Bopara,England,614,1.2468619246861925,37.333333333333336,6,2,0.1918081918081918,1.8471287748396181,636159
RS Bopara,England,614,1.2468619246861925,37.333333333333336,6,2,0.1918081918081918,1.8471287748396181,636160
NL McCullum,New Zealand,511,1.4876543209876543,49.5,4,2,0.25091174325309995,3.041401836158192,667641
RS Bopara,England,560,1.2468619246861925,37.333333333333336,6,2,0.1918081918081918,1.8471287748396181,636161
W Barresi,Netherlands,74,1.0422535211267605,37.0,2,0,0.7878787878787878,1.5757575757575757,696733
RML Taylor,Scotland,106,0.8636363636363636,53.0,2,0,,,696731
RS Bopara,England,560,1.2468619246861925,37.333333333333336,6,2,0.1918081918081918,1.8471287748396181,636162
SR Watson,Australia,833,1.2032085561497325,55.53333333333333,4,2,0.13956550362080317,1.235529005235,636163
TC Bastiampillai,Canada,86,0.8658536585365854,35.5,3,0,,,696747
V Kohli,India,1068,1.010406811731315,50.857142857142854,7,3,0.23653125900316913,1.2163723916532905,667647
RR Patel,Kenya,173,1.2285714285714286,86.5,2,1,0.3680851063829787,1.3462006079027355,696759
MJ Guptill,New Zealand,511,1.0,49.5,4,2,0.25091174325309995,1.2350914258406902,667649
TM Dilshan,Sri Lanka,740,1.03125,56.92307692307692,7,2,0.24548402037980546,1.4709031959240388,690355
TM Dilshan,Sri Lanka,740,0.9473684210526315,56.92307692307692,7,2,0.24548402037980546,1.2066002779064382,690357
Shamsur Rahman,Bangladesh,244,0.8490566037735849,45.75,3,1,0.16133333333333333,1.2333333333333332,690359
WTS Porterfield,Ireland,254,0.9056603773584906,63.5,4,1,0.3271461716937355,1.8346652917418578,702139
MDKJ Perera,Sri Lanka,740,0.9035409035409036,56.92307692307692,7,2,0.24548402037980546,1.2066002779064382,710291
Sohag Gazi,Bangladesh,244,0.9090909090909091,45.75,3,1,0.16133333333333333,1.3038095238095238,710293
V Kohli,India,1085,1.010406811731315,50.857142857142854,8,3,0.25320855614973264,1.1984628638220294,710297
LMP Simmons,West Indies,398,1.157258064516129,62.5,5,2,0.14068884997081144,1.6083391159721994,636533
Samiullah Shenwari,Afghanistan,40,1.1538461538461537,40.0,1,0,,,710299
LMP Simmons,West Indies,398,1.157258064516129,62.5,5,2,0.14068884997081144,1.6083391159721994,636534
V Kohli,India,1085,1.010406811731315,50.857142857142854,8,3,0.25320855614973264,1.1984628638220294,710301
MDKJ Perera,Sri Lanka,1119,0.9097560975609756,58.89473684210526,8,4,0.2545238801542569,1.1629783447048354,710303
Shakib Al Hasan,Bangladesh,202,0.875,30.666666666666668,3,0,0.13466666666666666,1.018840579710145,710305
Shapoor Zadran,Afghanistan,65,0.625,40.0,2,0,0.0,,710307
RS Bopara,England,614,1.2468619246861925,72.5,6,2,0.17132867132867133,1.8471287748396181,636535
Ziaur Rahman,Bangladesh,244,0.8947368421052632,45.75,3,1,0.16133333333333333,1.3526881720430106,710309
Umar Akmal,Pakistan,1203,1.0277777777777777,74.0,8,4,0.19663648124191463,1.2749949924170887,710311
WU Tharanga,Sri Lanka,661,0.8284671532846716,51.6,8,2,0.10842779694430754,1.0859460893960649,706767
TM Dilshan,Sri Lanka,1197,0.89395070948469,54.40909090909091,9,5,0.21982151244715828,1.1666208779035245,667891
TM Dilshan,Sri Lanka,1197,0.89395070948469,54.40909090909091,9,5,0.21982151244715828,1.1666208779035245,667893
TM Dilshan,Sri Lanka,1197,0.89395070948469,54.40909090909091,9,5,0.21982151244715828,1.1666208779035245,667895
RS Bopara,England,729,1.2963709677419355,40.5,7,3,0.13881151346332404,1.6578790290489456,667897
R McLaren,South Africa,563,0.9724770642201835,51.18181818181818,3,2,0.23655913978494625,1.1291180436595063,730083
TM Dilshan,Sri Lanka,1197,0.89395070948469,54.40909090909091,9,5,0.21982151244715828,1.1666208779035245,730085
R McLaren,South Africa,563,0.9724770642201835,51.18181818181818,3,2,0.23655913978494625,1.1291180436595063,730087
Usman Ghani,Afghanistan,233,2.3333333333333335,55.0,5,1,0.3087121212121212,2.691287878787879,756037
T Maruma,Zimbabwe,352,0.8672566371681416,42.833333333333336,3,1,0.3662551440329218,1.9649348422496569,756039
Usman Ghani,Afghanistan,233,2.3333333333333335,56.0,5,1,0.3087121212121212,2.691287878787879,756041
Q de Kock,South Africa,563,0.9724770642201835,51.18181818181818,3,2,0.23655913978494625,1.1291180436595063,736437
R McLaren,South Africa,563,0.9724770642201835,51.18181818181818,3,2,0.23655913978494625,1.1291180436595063,736439
Tamim Iqbal,Bangladesh,364,0.975,58.0,5,1,0.23404255319148937,1.243216358109975,730287
Sikandar Raza,Zimbabwe,352,0.8672566371681416,42.833333333333336,3,1,0.3662551440329218,1.9649348422496569,736441
LMP Simmons,West Indies,394,1.2535211267605635,89.0,5,3,0.1852112676056338,1.3815215235072407,730289
MG Johnson,Australia,661,1.346774193548387,55.083333333333336,2,3,0.15438432835820895,1.48338496198254,736443
LMP Simmons,West Indies,394,1.2535211267605635,89.0,5,3,0.1852112676056338,1.6563006632277082,730291
TM Dilshan,Sri Lanka,850,0.878099173553719,44.73684210526316,7,3,0.17458100558659218,1.1145872129112353,745161
MR Marsh,Australia,661,1.346774193548387,89.0,2,3,0.15438432835820895,1.48338496198254,736445
R McLaren,South Africa,563,0.89792663476874,51.18181818181818,3,2,0.23655913978494625,1.1026191390534708,736447
JE Root,England,613,1.2336065573770492,47.15384615384615,4,2,0.18146718146718147,1.5475117975117976,667725
MJ Clarke,Australia,661,1.346774193548387,55.083333333333336,2,3,0.15438432835820895,1.48338496198254,736449
PJ Hughes,Australia,661,1.2975609756097561,89.0,2,1,0.15438432835820895,1.137310551489656,736451
MM Ali,England,613,1.2336065573770492,47.15384615384615,4,2,0.18146718146718147,1.5475117975117976,667727
Q de Kock,South Africa,563,0.9724770642201835,51.18181818181818,3,2,0.23655913978494625,1.1291180436595063,736453
MM Ali,England,613,1.2336065573770492,47.15384615384615,4,2,0.18146718146718147,1.5475117975117976,667729
MR Marsh,Australia,661,1.346774193548387,89.0,2,3,0.15438432835820895,1.48338496198254,736455
RD Berrington,Scotland,192,1.1566265060240963,96.0,2,1,0.3287671232876712,1.204159102162073,727935
RD Berrington,Scotland,192,1.1566265060240963,96.0,2,1,0.3287671232876712,1.204159102162073,727937
SR Thompson,Ireland,145,0.9391304347826087,36.25,3,0,0.3426183844011142,1.451485608170845,727939
JP Faulkner,Australia,661,1.346774193548387,55.083333333333336,2,3,0.15438432835820895,1.48338496198254,727919
KA Pollard,West Indies,394,1.2535211267605635,89.0,5,3,0.1852112676056338,1.6563006632277082,770121
Wahab Riaz,Pakistan,895,1.405,56.25,6,2,0.2307017543859649,1.765347529128164,727921
V Kohli,India,1031,1.0218037661050545,51.55,9,3,0.24818142918271288,1.35106998264893,770123
JP Faulkner,Australia,661,1.346774193548387,55.083333333333336,2,3,0.15438432835820895,1.48338496198254,727923
V Kohli,India,1031,1.0218037661050545,51.55,9,3,0.24818142918271288,1.35106998264893,770127
NL McCullum,New Zealand,279,1.576271186440678,46.5,3,2,0.17579505300353357,2.061596530677803,749771
Q de Kock,South Africa,971,1.0851553509781358,54.357142857142854,6,4,0.20920991117344553,1.2836401154261579,749773
V Kohli,India,1031,1.0218037661050545,51.55,9,3,0.24818142918271288,1.2057945004590567,792289
TM Dilshan,Sri Lanka,874,0.875751503006012,41.61904761904762,7,3,0.16455368693402328,1.0860090645246818,792291
TM Dilshan,Sri Lanka,874,0.875751503006012,41.61904761904762,7,3,0.16455368693402328,1.0860090645246818,792293
V Kohli,India,1031,1.0218037661050545,51.55,8,3,0.212665810868635,1.2057945004590567,792295
MR Marsh,Australia,540,1.0458715596330275,51.333333333333336,4,2,0.13155555555555556,1.5040849673202616,754723
TM Dilshan,Sri Lanka,807,1.0303030303030303,35.5625,7,2,0.15239327296248384,1.3063917693354916,792297
SPD Smith,Australia,540,1.0458715596330275,51.333333333333336,4,2,0.13155555555555556,1.5040849673202616,754725
SPD Smith,Australia,540,0.9625,51.333333333333336,4,2,0.11777777777777777,1.5040849673202616,754727
Tamim Iqbal,Bangladesh,421,1.123456790123457,42.1,5,0,,,760787
R McLaren,South Africa,971,1.0851553509781358,54.357142857142854,6,4,0.20920991117344553,1.2836401154261579,754729
Tamim Iqbal,Bangladesh,421,1.6296296296296295,44.0,5,0,0.1685823754789272,1.9792819639562933,760789
Tamim Iqbal,Bangladesh,421,1.6296296296296295,44.0,5,0,0.1685823754789272,1.9792819639562933,760791
TM Dilshan,Sri Lanka,874,0.875751503006012,41.61904761904762,7,3,0.16455368693402328,1.0860090645246818,750663
Tamim Iqbal,Bangladesh,387,1.6296296296296295,44.0,5,0,0.1685823754789272,1.9792819639562933,760793
Usman Ghani,Afghanistan,319,0.9310344827586207,57.5,6,1,0.23666343355965083,1.3178520654239136,803795
MM Ali,England,543,1.1288981288981288,50.666666666666664,4,2,0.22171532846715328,1.4933730311179407,750665
Usman Ghani,Afghanistan,319,1.0384615384615385,57.5,6,1,0.23666343355965083,2.5575493048819915,803797
V Sibanda,Zimbabwe,470,0.8333333333333334,36.15384615384615,4,1,0.37557603686635943,1.306451612903226,760795
RS Bopara,England,543,1.1288981288981288,50.666666666666664,4,2,0.22171532846715328,1.4933730311179407,750669
NL McCullum,New Zealand,290,1.1126760563380282,48.6,3,2,0.24558303886925795,1.631392970057653,742619
TM Dilshan,Sri Lanka,874,0.875751503006012,41.61904761904762,7,3,0.16455368693402328,1.0860090645246818,750671
Shahid Afridi,Pakistan,680,1.3829787234042554,85.0,6,4,0.2778969957081545,1.746334763948498,742621
TM Dilshan,Sri Lanka,874,1.0303030303030303,41.61904761904762,7,3,0.16455368693402328,1.3063917693354916,750673
Umar Akmal,Pakistan,680,1.3829787234042554,85.0,6,4,0.2778969957081545,1.746334763948498,742623
TM Dilshan,Sri Lanka,874,1.0303030303030303,41.61904761904762,7,3,0.16455368693402328,1.3063917693354916,750675
TWM Latham,New Zealand,290,1.576271186440678,48.6,3,2,0.24558303886925795,2.061596530677803,742625
TWM Latham,New Zealand,290,1.1126760563380282,48.6,3,2,0.24558303886925795,1.6045229681978799,742627
RML Taylor,Scotland,337,1.2444444444444445,67.4,3,1,0.3751522533495737,1.3429692786574638,812623
TM Dilshan,Sri Lanka,1158,1.1772151898734178,48.25,7,5,0.18380931930427313,1.4863255704999316,749781
RML Taylor,Scotland,337,1.2444444444444445,67.4,3,1,0.3751522533495737,1.3429692786574638,810829
RD Berrington,Scotland,337,1.0125,67.4,3,1,0.3751522533495737,1.092661388550548,812645
TWM Latham,New Zealand,290,1.2147651006711409,48.333333333333336,4,2,0.24558303886925795,1.6708041014570965,749783
MM Ali,England,543,1.1288981288981288,50.666666666666664,4,2,0.22171532846715328,1.4933730311179407,754751
Usman Ghani,Afghanistan,319,1.0384615384615385,57.5,6,1,0.23666343355965083,2.5575493048819915,810833
RR Rossouw,South Africa,862,1.1340482573726542,56.4,4,3,0.2083897158322057,1.3657080709916236,722341
V Kohli,India,970,1.0928571428571427,57.05882352941177,7,2,0.23655547991831177,1.3298571585943526,754749
TM Dilshan,Sri Lanka,1158,1.1772151898734178,48.25,8,5,0.18380931930427313,1.4863255704999316,749787
V Kohli,India,970,1.0928571428571427,57.05882352941177,7,2,0.23655547991831177,1.301157249829816,754753
MN Samuels,West Indies,555,1.59375,57.166666666666664,5,1,0.2337748344370861,1.6857615894039735,722343
MJ Guptill,New Zealand,354,1.2147651006711409,48.6,4,2,0.24558303886925795,1.6708041014570965,749789
MM Ali,England,543,1.1288981288981288,50.666666666666664,4,2,0.22171532846715328,1.4933730311179407,754755
WD Parnell,South Africa,846,1.1340482573726542,56.4,4,3,0.19891745602165087,1.3657080709916236,722345
MJ Guptill,New Zealand,354,1.2147651006711409,48.6,4,2,0.24558303886925795,1.6708041014570965,749791
RR Rossouw,South Africa,862,0.9049295774647887,55.93333333333333,4,3,0.2083897158322057,1.093857452316796,722347
TM Dilshan,Sri Lanka,1158,1.1772151898734178,48.25,8,5,0.18380931930427313,1.4863255704999316,749793
V Kohli,India,970,1.0928571428571427,57.05882352941177,7,2,0.23655547991831177,1.301157249829816,754759
Umar Akmal,Pakistan,680,1.3829787234042554,85.0,6,4,0.2778969957081545,1.746334763948498,749795
SPD Smith,Australia,641,1.0596026490066226,49.30769230769231,5,4,0.20351845463953086,1.420677020671552,754761
MJ Guptill,New Zealand,354,1.2147651006711409,48.6,4,2,0.24558303886925795,1.6708041014570965,749797
MJ Guptill,New Zealand,753,1.2147651006711409,68.45454545454545,4,4,0.25875251509054326,1.6708041014570965,656399
SPD Smith,Australia,641,1.0596026490066226,49.30769230769231,5,4,0.20351845463953086,1.420677020671552,656401
Q de Kock,South Africa,862,1.1340482573726542,56.4,4,3,0.2083897158322057,1.3657080709916236,656403
V Kohli,India,970,1.0928571428571427,57.05882352941177,7,2,0.23655547991831177,1.3298571585943526,656405
MN Samuels,West Indies,555,1.0432330827067668,57.166666666666664,5,1,0.2337748344370861,1.3440782635896713,656407
RML Taylor,Scotland,337,1.2444444444444445,67.4,3,1,0.3751522533495737,1.3429692786574638,656409
Tamim Iqbal,Bangladesh,607,1.2028985507246377,43.357142857142854,6,1,0.18849557522123894,1.4945748364755675,656411
SCJ Broad,England,805,0.9590643274853801,42.5,4,3,0.2552881108679796,1.3272242087847574,656415
MN Samuels,West Indies,555,1.0432330827067668,57.166666666666664,5,1,0.2337748344370861,1.3440782635896713,656417
V Kohli,India,970,1.0928571428571427,57.05882352941177,7,2,0.23655547991831177,1.3298571585943526,656423
Samiullah Shenwari,Afghanistan,471,0.9833333333333333,39.5,8,1,0.19797979797979798,2.315247715247715,656421
SCJ Broad,England,805,0.9590643274853801,42.5,4,3,0.2552881108679796,1.3272242087847574,656425
Shaiman Anwar,United Arab Emirates,215,0.8421052631578947,53.75,2,1,0.2921875,1.1778808593749999,656429
TM Dilshan,Sri Lanka,1158,0.8654708520179372,48.25,8,5,0.18380931930427313,1.057841388649082,656433
RD Berrington,Scotland,337,1.0125,67.4,3,1,0.3751522533495737,1.092661388550548,656431
RR Rossouw,South Africa,862,1.1340482573726542,56.4,4,3,0.2083897158322057,1.3657080709916236,656435
Shaiman Anwar,United Arab Emirates,215,0.8421052631578947,53.75,2,1,0.2921875,1.1778808593749999,656439
SPD Smith,Australia,641,1.0596026490066226,49.30769230769231,5,4,0.20351845463953086,1.420677020671552,656437
Umar Akmal,Pakistan,610,1.4901960784313726,38.125,6,1,0.25309734513274335,1.804052535468465,656443
MM Ali,England,805,0.9590643274853801,42.5,4,3,0.2552881108679796,1.3272242087847574,656441
RR Rossouw,South Africa,862,1.1340482573726542,56.4,4,3,0.2083897158322057,1.3657080709916236,656445
SPD Smith,Australia,641,1.0596026490066226,49.30769230769231,5,4,0.20351845463953086,1.420677020671552,656449
Umar Akmal,Pakistan,610,1.4901960784313726,38.125,6,1,0.25309734513274335,1.804052535468465,656447
RD Berrington,Scotland,337,1.0125,67.4,3,1,0.3751522533495737,1.092661388550548,656451
MN Samuels,West Indies,555,1.0432330827067668,57.166666666666664,5,1,0.2337748344370861,1.3440782635896713,656453
PR Stirling,Ireland,291,1.1241830065359477,42.666666666666664,6,1,0.16445623342175067,1.2912163698370596,656457
Usman Ghani,Afghanistan,471,0.9064171122994652,39.5,8,1,0.19797979797979798,1.2213633339381842,656459
SPD Smith,Australia,641,1.0596026490066226,49.30769230769231,5,4,0.20351845463953086,1.2414270640991825,656461
Tamim Iqbal,Bangladesh,607,1.2028985507246377,43.357142857142854,6,1,0.18849557522123894,1.4945748364755675,656463
PR Stirling,Ireland,291,1.1241830065359477,42.666666666666664,6,1,0.16445623342175067,1.2912163698370596,656465
TM Dilshan,Sri Lanka,1158,1.1772151898734178,48.25,8,5,0.18380931930427313,1.4863255704999316,656467
RR Rossouw,South Africa,862,1.1340482573726542,56.4,4,3,0.2083897158322057,1.3657080709916236,656469
Tamim Iqbal,Bangladesh,607,1.2028985507246377,43.357142857142854,6,1,0.18849557522123894,1.4945748364755675,656471
Sikandar Raza,Zimbabwe,637,0.8615984405458089,35.388888888888886,7,1,0.296875,1.6126598011363635,656475
RD Berrington,Scotland,336,0.7547169811320755,33.6,6,1,0.27313769751693,1.4234578707329433,656477
PR Stirling,Ireland,291,1.1241830065359477,42.666666666666664,6,1,0.16445623342175067,1.2912163698370596,656481
Shaiman Anwar,United Arab Emirates,215,0.8421052631578947,53.75,2,1,0.2921875,1.1778808593749999,656479
TM Dilshan,Sri Lanka,1659,1.3636363636363635,54.86206896551724,9,6,0.24456399910334006,1.8727898194609693,656483
V Kohli,India,909,1.089866156787763,63.333333333333336,9,2,0.22159237309971658,1.1864394301910406,656485
Sohaib Maqsood,Pakistan,610,1.4901960784313726,38.125,6,1,0.25309734513274335,1.804052535468465,656487
MJ Guptill,New Zealand,753,1.3425,68.45454545454545,8,4,0.25875251509054326,1.6251819505094616,656489
SPD Smith,Australia,641,1.0596026490066226,49.30769230769231,5,4,0.20351845463953086,1.2414270640991825,656493
MJ Guptill,New Zealand,753,1.3425,68.45454545454545,8,4,0.25875251509054326,1.6251819505094616,656495
Tamim Iqbal,Bangladesh,607,1.2028985507246377,43.357142857142854,6,1,0.18849557522123894,1.4945748364755675,858485
Wahab Riaz,Pakistan,373,0.972972972972973,72.0,5,1,0.11664190193164933,1.6314159292035397,858487
Wahab Riaz,Pakistan,300,1.1355932203389831,72.0,5,1,0.10973451327433628,1.6314159292035397,858489
Mohammad Hafeez,Pakistan,588,0.972972972972973,72.0,8,1,0.1664190193164933,1.0081892476023233,868727
V Sibanda,Zimbabwe,712,0.88,35.6,8,1,0.296875,1.3615248771498771,868729
JE Root,England,782,0.8918406072106262,43.44444444444444,6,2,0.19352014010507881,1.5927845884413312,743943
JE Root,England,782,1.38,69.0,6,2,0.19352014010507881,1.5927845884413312,743947
MJ Guptill,New Zealand,1144,1.3443396226415094,54.476190476190474,9,5,0.2253748558246828,1.5790509512355126,743949
Tamim Iqbal,Bangladesh,821,1.0606060606060606,48.294117647058826,9,2,0.23866959064327486,1.332249445452712,870731
V Kohli,India,1014,1.046875,67.0,10,2,0.20710343172546197,1.1730350644113419,870735
Tamim Iqbal,Bangladesh,821,1.0606060606060606,48.294117647058826,9,2,0.23866959064327486,1.302218060357707,817207
STR Binny,India,770,1.2307692307692308,38.25,9,2,0.1285203397407242,1.791243367197291,885959
TM Dilshan,Sri Lanka,1344,1.346938775510204,51.69230769230769,9,4,0.24885914207484028,1.7710538016896398,860269
STR Binny,India,770,1.2307692307692308,38.25,9,2,0.1285203397407242,1.791243367197291,885965
RR Rossouw,South Africa,1298,1.1057692307692308,54.083333333333336,9,3,0.2149781410378255,1.2307731234741308,817209
STR Binny,India,770,0.8974358974358975,35.0,9,2,0.1285203397407242,0.9301319303554441,885967
Shoaib Malik,Pakistan,650,1.4195804195804196,68.5,8,2,0.14612281488121917,1.5252058564474522,860271
Shoaib Malik,Pakistan,650,1.4195804195804196,68.5,8,2,0.14612281488121917,1.5252058564474522,860273
TM Dilshan,Sri Lanka,1344,0.9139784946236559,51.69230769230769,9,4,0.24885914207484028,1.187296690970275,860275
TM Dilshan,Sri Lanka,1344,0.9433962264150944,51.69230769230769,9,4,0.24885914207484028,1.0167114977393692,860277
TWM Latham,New Zealand,1144,0.9558303886925795,54.476190476190474,9,5,0.2253748558246828,1.0111977321048902,894287
Sikandar Raza,Zimbabwe,683,0.9404761904761905,44.0,8,1,0.23056300268096513,1.4559328071392412,894289
TWM Latham,New Zealand,1144,1.1836363636363636,54.476190476190474,9,5,0.2253748558246828,1.3981798002219754,894291
RR Rossouw,South Africa,1298,1.3188235294117647,62.27777777777778,9,5,0.2149781410378255,2.0368068856949297,848843
RR Rossouw,South Africa,1298,1.3188235294117647,62.27777777777778,9,5,0.2149781410378255,2.0368068856949297,848845
RR Rossouw,South Africa,1298,1.3188235294117647,62.27777777777778,9,5,0.2149781410378255,2.0368068856949297,848847
SR Watson,Australia,1015,1.233201581027668,56.388888888888886,8,5,0.2203691349788748,1.298643984878808,743977
SR Watson,Australia,1015,1.233201581027668,56.388888888888886,8,5,0.2203691349788748,1.298643984878808,743979
MM Ali,England,659,1.1549295774647887,34.375,6,1,0.139375,1.545,743981
SPD Smith,Australia,1015,1.233201581027668,56.388888888888886,8,5,0.2203691349788748,1.298643984878808,743983
MM Ali,England,659,1.1549295774647887,34.375,6,1,0.139375,1.545,743985
Shoaib Malik,Pakistan,781,1.3386454183266931,60.7,8,3,0.167507204610951,1.5463496637848224,919607
Sikandar Raza,Zimbabwe,482,0.9728601252609603,40.166666666666664,7,1,0.148479427549195,1.145956607495069,919611
WTS Porterfield,Ireland,283,1.0669856459330143,35.375,8,1,0.21875,1.3456670168067228,919613
WTS Porterfield,Ireland,312,1.0669856459330143,39.0,8,1,0.21875,1.1302083333333333,919615
Q de Kock,South Africa,1139,1.3188235294117647,62.27777777777778,9,5,0.25403973509933775,1.4977253267468602,903593
WP Masakadza,Zimbabwe,482,0.9728601252609603,40.166666666666664,7,1,0.148479427549195,1.145956607495069,919617
V Kohli,India,983,1.091588785046729,70.21428571428571,10,2,0.17169728783902014,1.2528081167273446,903595
Shapoor Zadran,Afghanistan,357,0.9466019417475728,39.666666666666664,7,1,0.22358346094946402,1.9914564358829694,924627
Q de Kock,South Africa,1139,1.3188235294117647,62.27777777777778,9,5,0.25403973509933775,1.4977253267468602,903597
Samiullah Shenwari,Afghanistan,357,0.9466019417475728,40.714285714285715,7,1,0.22358346094946402,1.9914564358829694,924629
Sikandar Raza,Zimbabwe,505,0.9728601252609603,42.083333333333336,7,2,0.30695652173913046,1.145956607495069,924633
V Kohli,India,983,1.091588785046729,70.21428571428571,10,2,0.17169728783902014,1.2528081167273446,903599
Q de Kock,South Africa,1139,1.3016241299303943,62.333333333333336,9,5,0.25403973509933775,1.6932381525759008,903601
Tamim Iqbal,Bangladesh,793,1.0193370165745856,46.64705882352941,9,2,0.209353421217828,1.3188125681435228,931390
Tamim Iqbal,Bangladesh,793,1.0193370165745856,46.64705882352941,9,2,0.209353421217828,1.488162496637073,931392
MM Ali,England,887,1.0376569037656904,49.27777777777778,6,2,0.1701931922723091,1.3106809818516352,902641
Tamim Iqbal,Bangladesh,793,1.0193370165745856,46.64705882352941,9,2,0.209353421217828,1.488162496637073,931394
MM Ali,England,887,1.0376569037656904,49.27777777777778,6,2,0.1701931922723091,1.3106809818516352,902643
Wahab Riaz,Pakistan,607,1.3386454183266931,60.7,8,2,0.13220461095100863,1.5463496637848224,902645
MM Ali,England,887,1.0376569037656904,49.27777777777778,6,2,0.1701931922723091,1.3106809818516352,902647
Samiullah Shenwari,Afghanistan,354,0.9375,40.0,7,1,0.16117216117216118,1.9407814407814405,953335
TM Dilshan,Sri Lanka,1003,1.3296703296703296,55.72222222222222,8,2,0.2611464968152866,1.4410654313839029,914207
TM Dilshan,Sri Lanka,1003,1.3296703296703296,55.72222222222222,8,2,0.2611464968152866,1.4410654313839029,914209
Sikandar Raza,Zimbabwe,712,0.8496420047732697,33.0,8,2,0.30695652173913046,1.0965077888863055,953337
TWM Latham,New Zealand,1242,1.272108843537415,53.09090909090909,10,5,0.24263891963692716,1.3711959946186203,914211
Sikandar Raza,Zimbabwe,712,0.8496420047732697,30.956521739130434,8,1,0.13217391304347825,1.0837700612780856,953339
Sikandar Raza,Zimbabwe,712,0.8496420047732697,30.956521739130434,8,1,0.13217391304347825,1.0837700612780856,953341
TWM Latham,New Zealand,1242,1.272108843537415,53.09090909090909,10,5,0.24263891963692716,1.3711959946186203,914215
Sikandar Raza,Zimbabwe,712,0.8496420047732697,30.956521739130434,8,1,0.13217391304347825,1.0837700612780856,953343
V Kohli,India,815,0.9389400921658986,50.9375,9,2,0.14770274437249462,1.08942935263081,895807
V Kohli,India,815,0.9389400921658986,71.0,9,2,0.14770274437249462,1.08942935263081,895809
V Kohli,India,815,0.9389400921658986,50.9375,9,2,0.14770274437249462,1.08942935263081,895811
SPD Smith,Australia,936,1.3204225352112675,55.05882352941177,7,3,0.22016109348303636,1.294043274718945,895813
SPD Smith,Australia,936,1.082051282051282,59.333333333333336,7,3,0.22016109348303636,1.153049085980756,895815
TWM Latham,New Zealand,1242,1.272108843537415,53.09090909090909,10,5,0.24263891963692716,1.3711959946186203,914227
MJ Guptill,New Zealand,1242,1.6374501992031874,53.09090909090909,10,5,0.24263891963692716,1.7662574804357833,914231
RR Rossouw,South Africa,802,1.3083197389885808,61.69230769230769,8,4,0.1882716049382716,1.4528703703703703,800471
MJ Guptill,New Zealand,1242,1.6374501992031874,53.09090909090909,10,5,0.24263891963692716,1.7662574804357833,914233
MJ Guptill,New Zealand,1242,1.6374501992031874,53.09090909090909,10,5,0.24263891963692716,1.7662574804357833,914235
MM Ali,England,785,1.4422535211267606,49.92307692307692,7,2,0.17629407351837958,1.5637973300856596,800473
MM Ali,England,785,1.4422535211267606,49.92307692307692,7,2,0.17629407351837958,1.5637973300856596,800475
MM Ali,England,785,1.4422535211267606,49.92307692307692,7,2,0.17629407351837958,1.5637973300856596,800477
KA Pollard,West Indies,67,0.9710144927536232,67.0,1,0,0.39880952380952384,1.7281746031746033,932851
RR Rossouw,South Africa,672,1.1162790697674418,56.0,4,3,0.1792376317923763,1.3612474896690225,932853
SPD Smith,Australia,526,1.0731707317073171,46.2,5,3,0.18138733304610083,1.1388572474075298,932855
Sikandar Raza,Zimbabwe,562,0.7990936555891238,42.54545454545455,6,2,0.24643423137876386,1.1730845867971567,1007649
Sikandar Raza,Zimbabwe,562,0.7990936555891238,42.54545454545455,6,1,0.1624405705229794,1.1072636027469624,1007651
UT Khawaja,Australia,526,1.0731707317073171,44.2,5,3,0.18138733304610083,1.1388572474075298,932857
R Mutumbami,Zimbabwe,562,0.7153024911032029,42.54545454545455,6,1,0.1624405705229794,1.0350127151439208,1007653
Q de Kock,South Africa,672,1.1857142857142857,56.0,4,3,0.1792376317923763,1.6638800507413645,932859
WU Tharanga,Sri Lanka,271,1.1917098445595855,46.0,2,2,0.2026431718061674,1.4603524229074891,913621
KA Pollard,West Indies,67,0.9710144927536232,67.0,1,0,0.39880952380952384,1.7281746031746033,932863
KA Pollard,West Indies,67,0.9710144927536232,67.0,1,0,0.39880952380952384,1.7281746031746033,932865
WU Tharanga,Sri Lanka,271,1.6111111111111112,46.0,2,2,0.2026431718061674,1.5170130667368238,913625
SPD Smith,Australia,526,1.2264150943396226,44.2,5,3,0.18138733304610083,1.3025980911983033,932867
LE Plunkett,England,524,1.75,55.5,4,1,0.20572640509013787,1.7049069700183168,913631
Samiullah Shenwari,Afghanistan,357,0.9130434782608695,44.625,1,2,0.2476007677543186,1.3518432722218545,997961
Samiullah Shenwari,Afghanistan,357,0.9130434782608695,44.625,1,2,0.2476007677543186,1.3518432722218545,997965
WTS Porterfield,Ireland,215,0.8682170542635659,35.833333333333336,3,0,0.2824858757062147,1.632768361581921,997967
Shaiman Anwar,United Arab Emirates,85,1.0625,43.0,2,0,,,997995
Shoaib Malik,Pakistan,249,0.9253731343283582,40.2,3,1,0.20525451559934318,1.284072249589491,913649
TM Dilshan,Sri Lanka,199,1.1428571428571428,59.333333333333336,3,0,0.21462639109697934,1.1928708894653168,995457
TM Dilshan,Sri Lanka,238,1.4166666666666667,59.333333333333336,3,1,0.21462639109697934,1.869038155802862,995459
Shoaib Malik,Pakistan,201,1.7674418604651163,152.0,3,0,0.16170212765957448,2.0062345373577437,913655
TM Dilshan,Sri Lanka,238,1.4166666666666667,59.333333333333336,3,1,0.21462639109697934,1.869038155802862,995461
JJ Roy,England,697,1.377245508982036,55.5,4,2,0.20572640509013787,1.6320476977953118,913657
NLTC Perera,Sri Lanka,199,1.1538461538461537,59.333333333333336,3,0,0.21462639109697934,1.1928708894653168,995463
Sharjeel Khan,Pakistan,201,1.7674418604651163,152.0,3,0,0.16170212765957448,2.0062345373577437,913659
WU Tharanga,Sri Lanka,238,1.0588235294117647,59.333333333333336,3,1,0.21462639109697934,0.9988851727982163,995465
JM Bairstow,England,741,0.9629629629629629,61.75,4,2,0.170004086636698,1.0350973299205681,913661
RD Berrington,Scotland,152,1.4482758620689655,76.0,1,0,0.27787934186471663,1.5621257013175314,1004285
Tamim Iqbal,Bangladesh,156,1.303030303030303,74.5,1,1,0.20939597315436242,1.6161073825503356,1051297
Q de Kock,South Africa,650,0.9519867549668874,47.916666666666664,4,2,0.21763931548924967,1.0869090783122792,936131
WTS Porterfield,Ireland,257,0.8163265306122449,31.625,5,1,0.18246445497630331,2.0814801312431643,936133
Tamim Iqbal,Bangladesh,156,1.303030303030303,52.0,1,1,0.20939597315436242,1.6161073825503356,1051299
SPD Smith,Australia,767,0.9818435754189944,46.86666666666667,6,2,0.17187956737795967,1.1164827452575843,936135
Tamim Iqbal,Bangladesh,156,1.303030303030303,52.0,1,1,0.20939597315436242,1.6161073825503356,1051301
Shoaib Malik,Pakistan,201,1.7674418604651163,152.0,3,0,0.16170212765957448,2.0062345373577437,1050225
RR Rossouw,South Africa,650,0.9519867549668874,47.916666666666664,4,2,0.21763931548924967,1.1806745211293799,936137
Shoaib Malik,Pakistan,201,1.7674418604651163,152.0,3,0,0.16170212765957448,2.0062345373577437,1050227
SPD Smith,Australia,767,0.9818435754189944,46.86666666666667,6,2,0.17187956737795967,1.1164827452575843,936139
MM Ali,England,520,1.5234375,51.0,4,2,0.15317804974338728,1.5930517173312277,1029819
SPD Smith,Australia,767,0.9818435754189944,46.86666666666667,6,2,0.17187956737795967,1.1164827452575843,936141
Tamim Iqbal,Bangladesh,156,1.303030303030303,74.5,1,1,0.20939597315436242,1.6161073825503356,1029821
RR Rossouw,South Africa,650,0.9519867549668874,47.916666666666664,4,2,0.21763931548924967,1.1806745211293799,936143
Tamim Iqbal,Bangladesh,156,0.9285714285714286,74.5,1,1,0.20939597315436242,1.1516778523489934,1029823
MJ Santner,New Zealand,495,1.148491879350348,61.875,3,2,0.3188831741366642,1.2372310862453257,1030219
MJ Santner,New Zealand,495,1.2045454545454546,61.875,3,2,0.3188831741366642,1.2878660648682692,1030221
MJ Santner,New Zealand,495,1.2045454545454546,61.875,3,2,0.3188831741366642,1.2878660648682692,1030223
TWM Latham,New Zealand,495,1.1666666666666667,61.875,3,2,0.3188831741366642,1.2372310862453257,1030225
V Kohli,India,674,1.02,74.88888888888889,3,1,0.2080876158382477,1.2448909768489052,1030227
Sikandar Raza,Zimbabwe,169,0.8,33.333333333333336,2,1,0.1806282722513089,1.3514397905759161,1059710
ST Gabriel,West Indies,201,0.8223350253807107,35.5,3,0,0.12152269399707175,1.3118594436310396,1059711
WU Tharanga,Sri Lanka,289,0.8328530259365994,34.5,5,1,0.2001906577693041,1.0738046259595606,1059714
TS Chisoro,Zimbabwe,297,0.8,42.42857142857143,2,1,0.28534031413612565,1.2391939607938633,1059716
SPD Smith,Australia,1089,1.0206185567010309,54.45,6,3,0.17187956737795967,1.1164827452575843,1001371
SPD Smith,Australia,1089,1.0206185567010309,54.45,6,3,0.17187956737795967,1.1164827452575843,1001373
SPD Smith,Australia,1089,1.0206185567010309,54.45,6,3,0.17187956737795967,1.1164827452575843,1001375
TWM Latham,New Zealand,799,1.10989010989011,49.9375,4,3,0.27440347071583515,1.3979702510071275,1019973
TWM Latham,New Zealand,799,1.0826558265582655,49.9375,4,3,0.27440347071583515,1.2226199084116653,1019975
Tamim Iqbal,Bangladesh,348,0.9285714285714286,46.833333333333336,3,1,0.2838018741633199,1.3758738658337053,1019977
TM Head,Australia,1089,1.1871657754010696,54.45,6,3,0.17187956737795967,1.368914682048197,1000887
JJ Roy,England,675,1.366412213740458,75.0,4,2,0.185589519650655,1.5416647908882186,1034819
UT Khawaja,Australia,1089,1.1871657754010696,54.45,6,3,0.17187956737795967,1.368914682048197,1000889
V Kohli,India,594,1.2650602409638554,74.25,3,2,0.24286513710128707,1.4577373041410184,1034821
Shoaib Malik,Pakistan,480,1.34765625,48.0,5,2,0.23002754820936638,1.378183430045132,1000891
MM Ali,England,418,1.366412213740458,41.8,4,1,0.13100436681222707,1.5416647908882186,1034823
SM Sharif,Scotland,225,1.0362694300518134,75.0,2,0,0.2819548872180451,1.1622320048826729,1078659
UT Khawaja,Australia,1089,1.1871657754010696,54.45,6,3,0.17187956737795967,1.368914682048197,1000893
RD Berrington,Scotland,225,1.0362694300518134,75.0,2,0,0.2819548872180451,1.1622320048826729,1078660
Waqas Khan,Hong Kong,212,0.7900552486187845,53.0,2,2,0.35697940503432496,1.2489410389989777,1078661
TM Head,Australia,1089,1.1871657754010696,82.0,6,3,0.17187956737795967,1.368914682048197,1000895
WU Tharanga,Sri Lanka,371,0.866822429906542,44.75,5,2,0.1909307875894988,1.050525567460519,936159
TWM Latham,New Zealand,799,1.0826558265582655,49.9375,4,3,0.27440347071583515,1.2226199084116653,1020013
Q de Kock,South Africa,748,1.3018867924528301,46.75,5,2,0.20507334963325183,1.328943119435346,936161
WU Tharanga,Sri Lanka,371,0.867816091954023,44.75,5,2,0.1909307875894988,1.4521971079601292,936163
TWM Latham,New Zealand,522,1.10989010989011,37.285714285714285,4,1,0.13449023861171366,1.3979702510071275,1020017
Q de Kock,South Africa,748,1.0080862533692723,46.75,5,2,0.20507334963325183,1.0769575279482093,936165
Q de Kock,South Africa,748,1.0080862533692723,46.75,5,2,0.20507334963325183,1.0769575279482093,936167
Rashid Khan,Afghanistan,199,1.0888888888888888,33.166666666666664,2,1,0.18664643399089528,1.5382498735457764,1079247
TWM Latham,New Zealand,522,0.8197278911564626,63.0,4,1,0.13449023861171366,0.9615668393170717,1020031
TK Musakanda,Zimbabwe,80,0.9818181818181818,54.0,3,0,,,1079248
TWM Latham,New Zealand,522,0.8598130841121495,63.0,4,1,0.13449023861171366,0.9432955998333596,1020033
Q de Kock,South Africa,748,1.3018867924528301,46.75,5,2,0.20507334963325183,1.328943119435346,1020035
Q de Kock,South Africa,748,1.3018867924528301,46.75,5,2,0.20507334963325183,1.328943119435346,1020037
WTS Porterfield,Ireland,150,0.9380530973451328,26.5,5,0,0.23673469387755103,0.7774865735767992,1080630
MM Ali,England,605,1.366412213740458,67.22222222222223,4,1,0.1462882096069869,1.5416647908882186,1027315
MJ Santner,New Zealand,687,1.0309653916211294,63.0,4,2,0.19124521886952825,1.172690363591974,1020039
Shaiman Anwar,United Arab Emirates,157,1.1914893617021276,32.0,3,1,0.19402985074626866,1.7899253731343283,1080631
SD Hope,West Indies,218,0.9655172413793104,54.5,5,1,0.06451612903225806,1.1412680756395994,1027317
JJ Roy,England,675,1.366412213740458,75.0,4,2,0.185589519650655,1.5416647908882186,1027319
Samiullah Shenwari,Afghanistan,199,0.8563829787234043,33.166666666666664,3,1,0.18664643399089528,1.1322392949381463,1040491
Samiullah Shenwari,Afghanistan,199,1.0888888888888888,33.166666666666664,3,1,0.18664643399089528,1.5382498735457764,1040493
Samiullah Shenwari,Afghanistan,199,1.0888888888888888,33.166666666666664,3,1,0.18664643399089528,1.5382498735457764,1040495
Shafiqullah,Afghanistan,199,2.0588235294117645,35.0,2,1,0.18664643399089528,2.514813797433583,1040497
WTS Porterfield,Ireland,347,0.8813559322033898,38.55555555555556,5,0,0.23673469387755103,1.17524680315378,1040499
Tamim Iqbal,Bangladesh,407,0.88,45.22222222222222,3,1,0.2838018741633199,1.123097039320071,1083446
WU Tharanga,Sri Lanka,491,1.3375,38.75,7,2,0.1909307875894988,2.0362865910087184,1083448
TP Ura,Papua New Guinea,113,1.0175438596491229,56.5,1,0,0.3763440860215054,2.7992831541218637,1068737
Shaiman Anwar,United Arab Emirates,157,1.1914893617021276,32.0,3,1,0.19402985074626866,1.7899253731343283,1089183
Shoaib Malik,Pakistan,633,1.0046948356807512,52.75,4,2,0.23002754820936638,1.1265151515151517,1077949
Shoaib Malik,Pakistan,633,1.0046948356807512,67.0,4,2,0.23002754820936638,1.1265151515151517,1077950
SD Hope,West Indies,218,1.1666666666666667,54.5,5,1,0.060066740823136816,1.1412680756395994,1077951
WTS Porterfield,Ireland,527,1.0066225165562914,38.55555555555556,6,3,0.16881998277347116,1.4636570069973878,1029001
SW Billings,England,682,1.1329113924050633,62.0,6,2,0.16488875342883266,1.1706227016495427,1029003
TWM Latham,New Zealand,450,0.9201680672268907,39.125,4,1,0.14747131321716958,1.3007235060087354,1033363
Tamim Iqbal,Bangladesh,407,0.88,45.22222222222222,4,1,0.2838018741633199,1.3083121289228161,1033365
WTS Porterfield,Ireland,527,1.0066225165562914,38.55555555555556,6,3,0.16881998277347116,1.4636570069973878,1033367
TWM Latham,New Zealand,450,0.9072463768115943,39.125,4,1,0.14747131321716958,1.3007235060087354,1033369
TWM Latham,New Zealand,450,0.9201680672268907,39.125,4,1,0.14747131321716958,1.3007235060087354,1033371
JJ Roy,England,682,1.2050473186119874,62.0,6,2,0.16488875342883266,1.3585953587315893,1031425
JJ Roy,England,682,1.2050473186119874,62.0,6,2,0.16488875342883266,1.3585953587315893,1031427
JM Bairstow,England,682,1.2050473186119874,62.0,6,2,0.16488875342883266,1.3585953587315893,1031429
Tamim Iqbal,Bangladesh,673,0.9011857707509882,48.07142857142857,5,2,0.30680272108843537,1.25265306122449,1022347
Q de Kock,South Africa,1087,1.1780487804878048,49.40909090909091,6,3,0.1971926647045506,1.251070907407698,1022351
JJ Roy,England,682,1.2050473186119874,62.0,6,2,0.16488875342883266,1.3585953587315893,1022357
Yuvraj Singh,India,543,1.2777777777777777,70.0,2,1,0.23728813559322035,1.4983241020277176,1022361
Samiullah Shenwari,Afghanistan,524,0.8579387186629527,40.30769230769231,3,1,0.2137891077636153,1.1280876059796014,1089779
NT Broom,New Zealand,783,0.996661101836394,41.21052631578947,5,2,0.14747131321716958,1.172690363591974,1022363
Samiullah Shenwari,Afghanistan,524,1.0753768844221105,40.30769230769231,3,2,0.2137891077636153,1.3599367358111807,1089780
Q de Kock,South Africa,1087,1.1780487804878048,49.40909090909091,6,3,0.1971926647045506,1.251070907407698,1022367
N Dickwella,Sri Lanka,645,0.9680365296803652,38.54545454545455,8,3,0.21009325287986835,1.1196494611859218,1022369
JM Bairstow,England,682,1.2050473186119874,62.0,5,2,0.16488875342883266,1.3585953587315893,1022371
Tamim Iqbal,Bangladesh,673,0.9011857707509882,48.07142857142857,5,2,0.30680272108843537,1.25265306122449,1022373
RD Berrington,Scotland,257,0.9734848484848485,95.5,2,0,0.2819548872180451,1.1622320048826729,1089420
Shoaib Malik,Pakistan,835,1.0808080808080809,53.5,5,3,0.2221750212404418,1.1818181818181819,1022375
Yuvraj Singh,India,543,1.2777777777777777,70.0,2,1,0.23728813559322035,1.4983241020277176,1098207
WU Tharanga,Sri Lanka,645,0.9680365296803652,38.54545454545455,8,3,0.21009325287986835,1.1196494611859218,1104478
Yuvraj Singh,India,543,1.2777777777777777,70.0,2,1,0.23728813559322035,1.4983241020277176,1098208
Sikandar Raza,Zimbabwe,187,1.0331491712707181,46.75,3,1,0.229706390328152,1.3235463442717328,1104479
SD Hope,West Indies,433,1.048780487804878,36.083333333333336,5,1,0.18622848200312989,2.450033534540577,1098209
SD Hope,West Indies,433,1.048780487804878,36.083333333333336,5,1,0.18622848200312989,2.450033534540577,1098210
TK Musakanda,Zimbabwe,187,1.0331491712707181,46.75,3,1,0.229706390328152,1.3235463442717328,1104480
WU Tharanga,Sri Lanka,645,0.9680365296803652,38.54545454545455,8,3,0.21009325287986835,1.1196494611859218,1104482
WU Tharanga,Sri Lanka,757,1.1726618705035972,40.4375,7,3,0.21210526315789474,1.4892721164613663,1109605
TAM Siriwardana,Sri Lanka,757,0.8961218836565097,40.4375,7,3,0.21210526315789474,1.0551742031134175,1109607
V Kohli,India,1017,1.2453703703703705,56.5,7,2,0.29450261780104714,1.1960623909249564,1109608
WU Tharanga,Sri Lanka,647,0.8961218836565097,49.0,5,1,0.15526315789473685,1.0551742031134175,1109609
SD Hope,West Indies,509,0.9777777777777777,36.357142857142854,5,2,0.1762545899632803,1.838915470494418,1031667
V Kohli,India,1017,1.2453703703703705,56.5,7,2,0.29450261780104714,1.2722363624622277,1119497
TM Head,Australia,1101,1.1428571428571428,73.4,5,5,0.3017725897103329,1.378662107455882,1119498
JM Bairstow,England,824,1.0558823529411765,58.857142857142854,7,3,0.18013986013986014,1.1567437047257674,1031671
TM Head,Australia,1101,1.0999000999000998,73.4,5,5,0.3017725897103329,1.138015788793999,1119499
SD Hope,West Indies,509,1.201834862385321,65.5,5,1,0.1762545899632803,1.838915470494418,1031675
TM Head,Australia,1101,1.0999000999000998,73.4,5,5,0.3017725897103329,1.138015788793999,1119500
Shoaib Malik,Pakistan,530,1.0681818181818181,73.66666666666667,5,1,0.19255094869992972,1.4302178496134927,1120286
Shakib Al Hasan,Bangladesh,374,0.9087947882736156,37.4,5,1,0.21112255406797117,1.0898872171008014,1075504
Shoaib Malik,Pakistan,530,1.0681818181818181,73.66666666666667,5,1,0.19255094869992972,1.4302178496134927,1120287
Q de Kock,South Africa,804,1.2318840579710144,52.53333333333333,5,2,0.22168042010502625,1.6561349639735514,1075505
WU Tharanga,Sri Lanka,647,1.1726618705035972,40.4375,5,1,0.15526315789473685,1.4892721164613663,1120288
WU Tharanga,Sri Lanka,647,1.1726618705035972,40.4375,5,1,0.15526315789473685,1.4892721164613663,1120289
Q de Kock,South Africa,804,1.2318840579710144,52.53333333333333,5,2,0.22168042010502625,1.6561349639735514,1075506
V Kohli,India,1017,1.2453703703703705,56.5,7,2,0.29450261780104714,1.2722363624622277,1120090
WU Tharanga,Sri Lanka,802,1.0875,38.25,5,1,0.18075980392156862,1.414705882352941,1120290
TWM Latham,New Zealand,763,1.0076335877862594,47.6875,6,3,0.17187983895943015,1.3507277794982966,1120091
V Kohli,India,1017,1.2453703703703705,56.5,7,2,0.29450261780104714,1.2722363624622277,1120092
Shafiqullah,Afghanistan,343,1.3956043956043955,45.0,3,1,0.2541176470588235,2.4447520184544405,1125472
Waqas Khan,Hong Kong,118,0.8939393939393939,59.0,2,1,0.41578947368421054,1.7230576441102756,1124089
WTS Porterfield,Ireland,593,1.073446327683616,45.61538461538461,5,3,0.19978165938864628,1.5205619897474842,1125473
Rahmat Shah,Afghanistan,343,0.9029126213592233,45.0,3,1,0.2541176470588235,1.3789753320683114,1125474
S Dhawan,India,903,1.1324675324675324,60.2,7,3,0.17444601603017446,1.0730606895275991,1122726
SS Iyer,India,903,1.1324675324675324,60.2,7,3,0.17444601603017446,1.0730606895275991,1122727
WU Tharanga,Sri Lanka,820,1.0875,44.90909090909091,5,1,0.21305530371713507,1.414705882352941,1122728
SD Hope,West Indies,564,1.0253807106598984,37.6,4,1,0.1913477537437604,1.9951931965243113,1115795
TWM Latham,New Zealand,763,1.1538461538461537,47.6875,6,3,0.17187983895943015,1.3507277794982966,1115796
Rohan Mustafa,United Arab Emirates,258,1.0350877192982457,43.0,4,1,0.27854671280276816,1.5260450762180866,1131274
WTS Porterfield,Ireland,593,1.073446327683616,45.61538461538461,5,3,0.19978165938864628,1.5205619897474842,1131275
TWM Latham,New Zealand,875,1.1217391304347826,48.611111111111114,7,2,0.22830051057622175,1.3213237663901751,1115804
TM Head,Australia,580,1.0526315789473684,72.5,3,3,0.36879432624113473,1.5707906488048333,1072310
Sikandar Raza,Zimbabwe,247,1.0167364016736402,41.166666666666664,3,1,0.2268041237113402,1.3780503719170036,1130737
SM Sharif,Scotland,71,0.7931034482758621,28.5,3,0,,,1131276
Shoaib Malik,Pakistan,774,0.9321608040201005,55.285714285714285,6,2,0.24838411819021236,1.1506932292367749,1115805
Sikandar Raza,Zimbabwe,247,1.0167364016736402,41.166666666666664,3,1,0.2268041237113402,1.3780503719170036,1130738
WTS Porterfield,Ireland,593,1.073446327683616,45.61538461538461,5,3,0.19978165938864628,1.5205619897474842,1131277
TWM Latham,New Zealand,875,1.1217391304347826,48.611111111111114,7,2,0.22830051057622175,1.3213237663901751,1115806
Tamim Iqbal,Bangladesh,571,1.3571428571428572,57.1,7,2,0.2871111111111111,1.5224126984126984,1130739
TM Head,Australia,580,1.1875,72.5,3,3,0.36879432624113473,1.5707906488048333,1072311
Sikandar Raza,Zimbabwe,247,1.0167364016736402,41.166666666666664,3,1,0.2268041237113402,1.3780503719170036,1130740
MM Ali,England,959,1.3919597989949748,59.9375,8,4,0.21623546166627106,1.418384536922396,1072312
RD Berrington,Scotland,161,0.9007633587786259,80.5,3,0,,,1131278
Tamim Iqbal,Bangladesh,571,1.3571428571428572,57.1,7,2,0.2871111111111111,1.5224126984126984,1130741
SJ Cameron,Scotland,118,1.0,39.333333333333336,3,0,0.0,,1131279
Tamim Iqbal,Bangladesh,571,1.3571428571428572,57.1,7,2,0.2871111111111111,1.5224126984126984,1130742
MM Ali,England,959,1.3919597989949748,59.9375,8,4,0.21623546166627106,1.418384536922396,1072313
WU Tharanga,Sri Lanka,820,1.2258064516129032,39.04761904761905,5,2,0.21305530371713507,1.5591684434968016,1130743
MM Ali,England,959,1.3919597989949748,59.9375,8,4,0.21623546166627106,1.418384536922396,1072314
Q de Kock,South Africa,889,1.0819672131147542,66.0,5,3,0.21158059467918622,1.1027546806946094,1122279
Q de Kock,South Africa,889,1.0827067669172932,66.0,5,2,0.21158059467918622,1.1027546806946094,1122280
V Kohli,India,1316,1.1324675324675324,62.666666666666664,7,4,0.2603259656173253,1.0730606895275991,1122281
Rahmat Shah,Afghanistan,469,0.9183673469387755,39.083333333333336,3,1,0.24900133155792276,1.13590085014852,1134033
Sikandar Raza,Zimbabwe,247,1.0167364016736402,41.166666666666664,3,1,0.2268041237113402,1.3780503719170036,1134034
V Kohli,India,1316,1.0886850152905199,62.666666666666664,7,4,0.2603259656173253,1.1065466334001341,1122283
Sikandar Raza,Zimbabwe,247,1.0167364016736402,41.166666666666664,3,1,0.2268041237113402,1.3780503719170036,1134035
TK Musakanda,Zimbabwe,247,1.0167364016736402,41.166666666666664,3,1,0.2268041237113402,1.3780503719170036,1134036
HM Amla,South Africa,789,1.1828793774319066,66.0,5,2,0.18998435054773083,1.3022813880381277,1122284
Samiullah Shenwari,Afghanistan,469,0.9148936170212766,39.083333333333336,3,1,0.24900133155792276,1.205532740895901,1134037
MM Ali,England,959,1.3919597989949748,59.9375,8,4,0.21623546166627106,1.418384536922396,1115775
TWM Latham,New Zealand,875,1.1217391304347826,48.611111111111114,7,2,0.22830051057622175,1.3213237663901751,1115776
MM Ali,England,959,1.3919597989949748,59.9375,8,4,0.21623546166627106,1.418384536922396,1115777
Rahmat Shah,Afghanistan,469,0.9183673469387755,39.083333333333336,3,1,0.24900133155792276,1.205532740895901,1133001
SO Hetmyer,West Indies,540,1.1420118343195267,48.25,5,1,0.1913477537437604,1.6707867839315427,1133003
Tanwir Afzal,Hong Kong,77,1.4444444444444444,77.0,1,1,0.3615023474178404,2.102243088158581,1133005
Sikandar Raza,Zimbabwe,247,1.0167364016736402,41.166666666666664,3,1,0.2268041237113402,1.3780503719170036,1133004
VV Morea,Papua New Guinea,102,0.9411764705882353,44.0,2,0,0.23318385650224216,1.8689203173508107,1133002
MM Ali,England,959,1.3919597989949748,59.9375,8,4,0.21623546166627106,1.418384536922396,1115778
VV Morea,Papua New Guinea,102,0.9411764705882353,44.0,2,0,0.23318385650224216,1.8689203173508107,1133007
TWM Latham,New Zealand,509,1.1217391304347826,44.75,6,2,0.1174325309992706,1.3213237663901751,1115779
Sikandar Raza,Zimbabwe,247,1.0167364016736402,41.166666666666664,3,1,0.2268041237113402,1.3780503719170036,1133012
SD Hope,West Indies,540,1.1420118343195267,48.25,5,1,0.1913477537437604,1.7642324303101689,1133010
RD Berrington,Scotland,118,1.0,39.333333333333336,3,0,0.0,,1133019
SD Hope,West Indies,540,0.9362745098039216,36.0,5,1,0.1913477537437604,1.7642324303101689,1133018
Sikandar Raza,Zimbabwe,596,0.9007832898172323,37.25,5,3,0.23331364441819255,1.2008656244438312,1133022
TP Ura,Papua New Guinea,102,0.9411764705882353,34.0,2,0,0.1031390134529148,1.8689203173508107,1133023
WTS Porterfield,Ireland,666,1.0570342205323193,37.0,9,3,0.22070588235294117,1.4121092436974791,1133025
Sikandar Raza,Zimbabwe,596,0.9007832898172323,40.583333333333336,5,3,0.23331364441819255,1.2008656244438312,1133026
Shaiman Anwar,United Arab Emirates,234,0.9590643274853801,33.42857142857143,4,0,0.20864661654135339,2.0745044429254955,1133027
WTS Porterfield,Ireland,666,1.0570342205323193,37.0,9,3,0.22070588235294117,1.4121092436974791,1133030
SD Hope,West Indies,540,1.1420118343195267,48.25,5,1,0.1913477537437604,1.7642324303101689,1133031
TM Head,Australia,525,1.3529411764705883,87.5,2,0,0.24801587301587302,3.202380952380952,1119537
MM Ali,England,741,1.1219512195121952,52.92857142857143,3,3,0.21196036801132342,1.313517338995046,1119538
JM Bairstow,England,741,1.1219512195121952,52.92857142857143,3,3,0.21196036801132342,1.1544585987261147,1119539
TM Head,Australia,525,1.2857142857142858,87.5,2,0,0.24801587301587302,1.5478174603174601,1119540
TM Head,Australia,525,1.0384615384615385,87.5,2,0,0.24801587301587302,1.5478174603174601,1119541
MM Ali,England,741,1.1219512195121952,52.92857142857143,3,3,0.21196036801132342,1.313517338995046,1119546
Shoaib Malik,Pakistan,324,1.4285714285714286,49.0,2,1,0.3186119873817035,3.347453808021631,1142920
MM Ali,England,741,1.1219512195121952,52.92857142857143,3,3,0.21196036801132342,1.313517338995046,1119547
TL Chatara,Zimbabwe,316,0.673773987206823,22.571428571428573,7,1,0.18299595141700406,1.2097165991902834,1142921
V Kohli,India,1372,1.0518292682926829,76.22222222222223,5,5,0.2766106442577031,1.106171909553295,1119548
TS Chisoro,Zimbabwe,316,0.673773987206823,22.571428571428573,7,1,0.18299595141700406,1.2097165991902834,1142922
Imam-ul-Haq,Pakistan,216,1.7692307692307692,49.0,2,1,0.15562565720294427,2.1480155482815055,1142923
Tamim Iqbal,Bangladesh,320,0.8731343283582089,45.833333333333336,3,2,0.3680241327300151,1.573873696635845,1146720
Shoaib Malik,Pakistan,324,1.7692307692307692,49.0,2,1,0.3186119873817035,2.1480155482815055,1142924
SO Hetmyer,West Indies,398,1.0205128205128204,39.8,8,1,0.17358490566037735,1.3085631349782294,1146721
Tamim Iqbal,Bangladesh,320,0.8731343283582089,45.833333333333336,3,2,0.3680241327300151,1.573873696635845,1146722
WU Tharanga,Sri Lanka,559,1.1346153846153846,45.875,4,1,0.2766323024054983,1.6287363029242041,1142584
WU Tharanga,Sri Lanka,559,1.1346153846153846,45.875,4,1,0.2766323024054983,1.6287363029242041,1142585
Q de Kock,South Africa,475,1.0848056537102473,67.85714285714286,3,2,0.297316384180791,1.1553444505194095,1142586
WU Tharanga,Sri Lanka,559,1.1346153846153846,45.875,4,1,0.2766323024054983,1.6287363029242041,1142588
Rashid Khan,Afghanistan,621,1.0113636363636365,47.76923076923077,5,1,0.23627287853577372,1.4483796846525632,1150146
Rashid Khan,Afghanistan,621,1.0113636363636365,47.76923076923077,5,2,0.23627287853577372,1.4898861385835076,1150147
WTS Porterfield,Ireland,510,1.0583941605839415,36.42857142857143,6,2,0.2053872053872054,1.540150085604631,1150148
Tamim Iqbal,Bangladesh,320,0.7804878048780488,45.833333333333336,3,2,0.3680241327300151,2.337448559670782,1153243
Tanwir Afzal,Hong Kong,146,0.7380952380952381,36.5,3,1,0.3615023474178404,2.102243088158581,1153244
Rashid Khan,Afghanistan,621,1.0113636363636365,47.76923076923077,5,2,0.23627287853577372,1.4898861385835076,1153245
S Dhawan,India,978,1.0176899063475546,54.333333333333336,5,4,0.2685099846390169,1.1126301416623998,1153246
Shoaib Malik,Pakistan,755,1.7692307692307692,65.77777777777777,4,2,0.2940924657534247,2.1480155482815055,1153247
Rashid Khan,Afghanistan,621,1.0113636363636365,47.76923076923077,5,2,0.23627287853577372,1.4483796846525632,1153248
Shakib Al Hasan,Bangladesh,320,0.7804878048780488,40.0,4,2,0.23378582202111614,2.337448559670782,1153249
Rahmat Shah,Afghanistan,621,0.9961977186311787,47.76923076923077,5,2,0.23627287853577372,1.4898861385835076,1153250
Shoaib Malik,Pakistan,755,1.5662650602409638,65.77777777777777,4,2,0.2940924657534247,1.8717208605099909,1153251
Shakib Al Hasan,Bangladesh,595,0.8541666666666666,45.76923076923077,6,2,0.19740437158469945,1.357698489231758,1153252
Soumya Sarkar,Bangladesh,595,0.8541666666666666,45.76923076923077,6,1,0.1912568306010929,2.337448559670782,1153254
Rubel Hossain,Bangladesh,595,0.8541666666666666,45.76923076923077,6,1,0.1912568306010929,2.337448559670782,1153255
SF Mire,Zimbabwe,625,0.8815232722143864,48.07692307692308,7,1,0.26153846153846155,1.2097165991902834,1144146
RR Hendricks,South Africa,221,1.1030927835051547,35.666666666666664,4,1,0.08121468926553672,1.1553444505194095,1144147
SF Mire,Zimbabwe,625,0.8815232722143864,48.07692307692308,7,1,0.26153846153846155,1.2097165991902834,1144148
NLTC Perera,Sri Lanka,339,1.1491525423728814,34.25,6,1,0.1378504672897196,1.5634735202492211,1140381
Mustafizur Rahman,Bangladesh,595,0.8541666666666666,45.76923076923077,7,1,0.1912568306010929,1.4392561983471073,1153635
SO Hetmyer,West Indies,475,0.9634888438133874,43.18181818181818,7,2,0.23373676248108927,1.3799818456883508,1157754
Sikandar Raza,Zimbabwe,625,1.3157894736842106,48.07692307692308,7,3,0.26153846153846155,1.7093821510297484,1153636
Sikandar Raza,Zimbabwe,625,1.3157894736842106,48.07692307692308,7,3,0.26153846153846155,1.7093821510297484,1153637
SO Hetmyer,West Indies,475,0.9634888438133874,43.18181818181818,7,2,0.23373676248108927,1.3799818456883508,1157756
V Kohli,India,1034,1.0176899063475546,94.0,5,4,0.2685099846390169,1.1126301416623998,1157757
SO Hetmyer,West Indies,475,0.9634888438133874,43.18181818181818,7,2,0.23373676248108927,1.3799818456883508,1157758
TM Head,Australia,436,1.0694444444444444,54.5,1,1,0.49740932642487046,1.4903438530381536,1144986
TWM Latham,New Zealand,522,1.2681159420289856,65.25,3,2,0.2663891779396462,1.7585057758927276,1157378
TWM Latham,New Zealand,522,1.2681159420289856,65.25,3,2,0.2663891779396462,1.7585057758927276,1157379
TM Head,Australia,436,1.010204081632653,57.6,1,1,0.49740932642487046,1.4903438530381536,1144987
RR Hendricks,South Africa,309,1.1030927835051547,44.142857142857146,4,1,0.12726008344923506,1.1648122392211404,1144988
SO Hetmyer,West Indies,475,0.9634888438133874,43.18181818181818,7,2,0.23373676248108927,1.3799818456883508,1153314
Tamim Iqbal,Bangladesh,692,0.87374749498998,62.285714285714285,6,3,0.19170442662948764,1.1226298752553583,1153315
SO Hetmyer,West Indies,475,0.9634888438133874,43.18181818181818,7,2,0.23373676248108927,1.3799818456883508,1153316
MJ Guptill,New Zealand,522,1.1256038647342994,65.25,3,2,0.2663891779396462,1.428884779793231,1153840
MJ Guptill,New Zealand,522,3.6153846153846154,65.25,3,2,0.2663891779396462,3.816844300278035,1153841
MJ Guptill,New Zealand,726,3.6153846153846154,72.6,3,2,0.2736750651607298,3.816844300278035,1153842
SE Marsh,Australia,493,0.9976019184652278,59.42857142857143,2,1,0.11380145278450363,1.0633265040044702,1144997
UT Khawaja,Australia,493,1.1587301587301588,73.0,2,1,0.11380145278450363,1.3948614865645435,1144998
UT Khawaja,Australia,493,1.1587301587301588,73.0,2,1,0.11380145278450363,1.3948614865645435,1144999
RR Hendricks,South Africa,324,0.9050279329608939,32.4,3,1,0.12929061784897025,1.3125735303623836,1144156
Shoaib Malik,Pakistan,756,1.0073529411764706,58.15384615384615,7,2,0.3119617224880383,1.122153574580759,1144157
V Kohli,India,1206,1.0238095238095237,74.86666666666666,7,5,0.28209959623149394,1.0962891751586232,1153692
P Sarraf,Nepal,40,1.3333333333333333,40.0,1,0,,,1170455
RR Hendricks,South Africa,442,0.9505376344086022,49.111111111111114,5,1,0.14109799897383274,1.3125735303623836,1144159
TWM Latham,New Zealand,726,1.0842490842490842,72.6,3,2,0.2736750651607298,1.2488538394706945,1153693
Shaiman Anwar,United Arab Emirates,155,1.0204081632653061,25.833333333333332,4,0,0.2005813953488372,1.4767441860465116,1170456
Shoaib Malik,Pakistan,756,1.0073529411764706,58.15384615384615,7,2,0.3119617224880383,1.122153574580759,1144160
S Dhawan,India,1206,1.0238095238095237,60.3,7,2,0.28209959623149394,1.0962891751586232,1153694
S Dhawan,India,1206,1.0238095238095237,60.3,7,2,0.28209959623149394,1.0962891751586232,1153695
Tamim Iqbal,Bangladesh,628,1.0159362549800797,61.714285714285715,6,2,0.19617622610141314,1.2994554430250902,1153844
Tamim Iqbal,Bangladesh,628,1.0159362549800797,61.714285714285715,6,2,0.19617622610141314,1.2994554430250902,1153845
SO Hetmyer,West Indies,752,1.0483333333333333,47.0,7,2,0.23545405111473627,1.4525146151300703,1158066
TWM Latham,New Zealand,726,1.0842490842490842,72.6,3,2,0.2736750651607298,1.4999452074810051,1153846
SO Hetmyer,West Indies,752,1.0483333333333333,47.0,7,2,0.23545405111473627,1.4525146151300703,1158067
JM Bairstow,England,742,1.2491582491582491,49.46666666666667,5,1,0.17517796347879913,1.2371457065236082,1158069
WTS Porterfield,Ireland,266,1.0497237569060773,33.25,5,1,0.2642089093701997,1.8874399450926562,1168115
UT Khawaja,Australia,493,1.1587301587301588,73.0,2,1,0.11380145278450363,1.3948614865645435,1168242
JM Bairstow,England,742,1.2491582491582491,49.46666666666667,5,1,0.17517796347879913,1.2371457065236082,1158070
WU Tharanga,Sri Lanka,355,1.276978417266187,36.375,5,1,0.15693430656934307,1.1313868613138687,1144167
V Kohli,India,1206,1.0238095238095237,74.86666666666666,7,5,0.28209959623149394,1.0962891751586232,1168243
Samiullah Shenwari,Afghanistan,451,0.8877551020408163,45.25,7,2,0.17844925883694412,1.3593986578686654,1168117
RR Hendricks,South Africa,442,0.9505376344086022,86.5,5,1,0.14109799897383274,1.3125735303623836,1144168
Rashid Khan,Afghanistan,451,1.2352941176470589,34.69230769230769,7,2,0.17844925883694412,2.0592930444697832,1168118
UT Khawaja,Australia,493,1.1587301587301588,73.0,2,1,0.11380145278450363,1.3948614865645435,1168244
V Shankar,India,1206,1.0238095238095237,74.86666666666666,7,5,0.28209959623149394,1.0962891751586232,1168245
Samiullah Shenwari,Afghanistan,451,0.8877551020408163,34.69230769230769,7,2,0.17844925883694412,1.3593986578686654,1168119
WU Tharanga,Sri Lanka,355,1.276978417266187,40.0,5,1,0.1386861313868613,1.0748175182481752,1144170
UT Khawaja,Australia,374,1.5217391304347827,73.0,3,1,0.12291483757682177,1.919074703210291,1168246
Shoaib Malik,Pakistan,756,0.813778256189451,58.15384615384615,7,1,0.3,1.0217609162491053,1174238
Umar Akmal,Pakistan,857,4.0,50.411764705882355,8,1,0.31022222222222223,4.3004444444444445,1174239
UT Khawaja,Australia,771,1.0568181818181819,60.9,4,2,0.24033006704486848,1.4621521548268885,1174240
UT Khawaja,Australia,771,1.0568181818181819,60.9,4,2,0.24033006704486848,1.4621521548268885,1174241
UT Khawaja,Australia,771,1.0568181818181819,60.9,4,2,0.24033006704486848,1.4621521548268885,1174242
Shaiman Anwar,United Arab Emirates,101,0.9099099099099099,25.25,1,0,0.2005813953488372,1.4767441860465116,1179272
WTS Porterfield,Ireland,347,0.7728285077951003,49.57142857142857,1,1,0.4403225806451613,1.1815552634240065,1161014
SD Hope,West Indies,634,0.8846153846153846,45.285714285714285,3,1,0.2708333333333333,0.9545045045045045,1168508
SD Hope,West Indies,634,1.123076923076923,45.285714285714285,3,1,0.2708333333333333,1.2508272667107876,1168509
WTS Porterfield,Ireland,347,0.7728285077951003,49.57142857142857,1,1,0.4403225806451613,1.1815552634240065,1168511
JM Bairstow,England,625,1.2617283950617284,54.8,5,3,0.16376857413847612,1.2475426295006264,1152842
SW Ambris,West Indies,634,1.148936170212766,93.0,3,1,0.2708333333333333,1.5515923087063788,1168512
Sarfraz Ahmed,Pakistan,963,1.2872340425531914,56.64705882352941,8,2,0.31022222222222223,1.7820334855403348,1152843
WTS Porterfield,Ireland,347,0.7728285077951003,49.57142857142857,1,1,0.4403225806451613,1.1815552634240065,1168513
Shoaib Malik,Pakistan,963,1.2872340425531914,56.64705882352941,8,2,0.31022222222222223,1.7820334855403348,1152844
WTS Porterfield,Ireland,347,0.7728285077951003,49.57142857142857,1,1,0.4403225806451613,1.1815552634240065,1168515
JM Bairstow,England,625,1.2617283950617284,49.36363636363637,5,2,0.16376857413847612,1.2475426295006264,1152845
Rashid Khan,Afghanistan,426,1.0883977900552486,38.72727272727273,4,2,0.15724815724815724,1.5677822571026454,1168516
JM Bairstow,England,625,1.2617283950617284,54.8,5,3,0.16376857413847612,1.2475426295006264,1144483
Shadab Khan,Pakistan,1095,1.0147523709167545,56.64705882352941,9,2,0.31022222222222223,1.130328298086606,1144484
Rashid Khan,Afghanistan,385,1.0883977900552486,38.5,4,2,0.15724815724815724,1.5677822571026454,1144486
NLTC Perera,Sri Lanka,397,1.3220338983050848,78.0,5,1,0.354014598540146,1.1313868613138687,1144485
Tamim Iqbal,Bangladesh,804,0.9886104783599089,46.15384615384615,8,2,0.1901452937460518,1.1962793494694948,1144487
Shoaib Malik,Pakistan,1095,1.2872340425531914,56.64705882352941,9,2,0.31022222222222223,1.7820334855403348,1144488
Tamim Iqbal,Bangladesh,804,0.9886104783599089,46.15384615384615,8,2,0.1901452937460518,1.1962793494694948,1144491
Q de Kock,South Africa,708,1.0611510791366907,47.2,6,3,0.18928445541064504,1.2307596750926633,1144490
UT Khawaja,Australia,918,1.163003663003663,89.0,5,3,0.23069139966273186,1.4847171371963146,1144492
JM Bairstow,England,625,1.2617283950617284,54.8,5,3,0.16376857413847612,1.2475426295006264,1144494
Rashid Khan,Afghanistan,385,1.0883977900552486,38.5,4,2,0.15724815724815724,1.5677822571026454,1144495
V Kohli,India,1523,1.2688172043010753,60.92,8,3,0.29225869671729543,2.208721215090642,1144496
UT Khawaja,Australia,918,1.163003663003663,89.0,5,3,0.23069139966273186,1.4847171371963146,1144499
SO Hetmyer,West Indies,637,1.2542372881355932,70.77777777777777,5,2,0.2708333333333333,1.8524246467176735,1144501
UT Khawaja,Australia,918,1.163003663003663,89.0,5,3,0.23069139966273186,1.4847171371963146,1144502
SO Hetmyer,West Indies,637,1.2542372881355932,70.77777777777777,5,2,0.2708333333333333,1.8524246467176735,1144505
MM Ali,England,625,1.2617283950617284,49.36363636363637,5,2,0.16376857413847612,1.2475426295006264,1144506
Q de Kock,South Africa,708,1.0172143974960877,47.2,6,3,0.18928445541064504,1.2307596750926633,1144507
UT Khawaja,Australia,918,1.163003663003663,89.0,5,3,0.23069139966273186,1.4847171371963146,1144508
NLTC Perera,Sri Lanka,397,1.2103658536585367,74.5,5,1,0.354014598540146,1.1313868613138687,1144509
TWM Latham,New Zealand,866,1.3404255319148937,57.733333333333334,6,3,0.22865013774104684,1.387683284457478,1144511
V Shankar,India,1523,1.2688172043010753,60.92,8,3,0.29225869671729543,2.208721215090642,1144510
Shadab Khan,Pakistan,1095,1.0147523709167545,56.64705882352941,9,2,0.31022222222222223,1.130328298086606,1144512
Tamim Iqbal,Bangladesh,804,0.9886104783599089,46.15384615384615,9,2,0.1901452937460518,1.1962793494694948,1144513
UT Khawaja,Australia,918,1.163003663003663,89.0,5,3,0.23069139966273186,1.4847171371963146,1144514
TWM Latham,New Zealand,866,1.3404255319148937,57.733333333333334,6,3,0.22865013774104684,1.387683284457478,1144515
V Shankar,India,1523,1.2688172043010753,60.92,8,3,0.29225869671729543,2.208721215090642,1144516
NLTC Perera,Sri Lanka,397,1.2103658536585367,74.5,5,1,0.354014598540146,1.1313868613138687,1144517
Rashid Khan,Afghanistan,426,1.0883977900552486,38.72727272727273,4,2,0.15724815724815724,1.5677822571026454,1144518
UT Khawaja,Australia,918,1.163003663003663,89.0,5,3,0.23069139966273186,1.4847171371963146,1144519
JM Bairstow,England,625,1.2617283950617284,54.8,5,3,0.16376857413847612,1.2475426295006264,1144520
TS Kamunhukamwe,Zimbabwe,313,0.856,44.714285714285715,3,0,0.46788990825688076,2.140672782874618,1168517
WIA Fernando,Sri Lanka,346,1.0,74.5,5,0,0.354014598540146,1.1313868613138687,1144521
V Kohli,India,1523,1.2688172043010753,60.92,8,3,0.29225869671729543,2.208721215090642,1144522
JM Bairstow,England,625,1.2617283950617284,54.8,5,3,0.16376857413847612,1.2475426295006264,1144523
SO Hetmyer,West Indies,637,1.2542372881355932,70.77777777777777,5,2,0.2708333333333333,1.8524246467176735,1144524
WTS Porterfield,Ireland,685,0.8411458333333334,48.92857142857143,5,1,0.35261194029850745,1.1585820895522387,1168518
Shadab Khan,Pakistan,1095,1.0147523709167545,56.64705882352941,9,2,0.31022222222222223,1.130328298086606,1144525
Q de Kock,South Africa,708,1.0611510791366907,47.2,6,3,0.18928445541064504,1.2307596750926633,1144527
NLTC Perera,Sri Lanka,397,1.2103658536585367,74.5,5,1,0.354014598540146,1.1313868613138687,1144526
SF Mire,Zimbabwe,313,0.856,51.0,3,0,0.46788990825688076,2.140672782874618,1168519
TWM Latham,New Zealand,866,1.3404255319148937,57.733333333333334,6,3,0.22865013774104684,1.387683284457478,1144528
PSP Handscomb,Australia,918,1.163003663003663,89.0,5,3,0.23069139966273186,1.4847171371963146,1144529
WIA Fernando,Sri Lanka,397,1.2103658536585367,41.833333333333336,5,1,0.354014598540146,1.1313868613138687,1193504
Tamim Iqbal,Bangladesh,804,0.9886104783599089,46.15384615384615,8,2,0.1901452937460518,1.1962793494694948,1193505
WIA Fernando,Sri Lanka,346,1.0,41.833333333333336,5,1,0.354014598540146,2.8456048084147256,1193506
TP Ura,Papua New Guinea,62,2.3333333333333335,62.0,1,1,0.38271604938271603,2.895061728395062,1196670
TP Ura,Papua New Guinea,62,2.3333333333333335,62.0,1,1,0.38271604938271603,2.895061728395062,1196672
RD Berrington,Scotland,152,0.8636363636363636,76.0,2,0,0.4752475247524752,1.2612511251125114,1196673
RD Berrington,Scotland,152,0.8636363636363636,76.0,2,0,0.4752475247524752,1.2612511251125114,1196674
TP Ura,Papua New Guinea,62,2.3333333333333335,62.0,1,1,0.38271604938271603,2.895061728395062,1196675
ZE Green,Namibia,61,1.5454545454545454,61.0,1,0,0.27601809954751133,2.118881118881119,1199226
XM Marshall,United States of America,69,0.7049180327868853,34.5,2,1,0.39090909090909093,1.2574242424242423,1199227
TP Ura,Papua New Guinea,62,2.3333333333333335,62.0,1,1,0.38271604938271603,2.895061728395062,1199229
ZE Green,Namibia,61,2.6666666666666665,61.0,1,1,0.27601809954751133,3.6561085972850678,1199230
Sarfraz Ahmed,Pakistan,859,1.1137566137566137,50.529411764705884,7,1,0.25487256371814093,1.308045977011494,1198487
WIA Fernando,Sri Lanka,337,1.4482758620689655,54.5,6,2,0.18411284335560504,2.688641425389755,1198488
Rashid Khan,Afghanistan,415,0.9921671018276762,37.72727272727273,8,1,0.14623338257016247,1.996193614362004,1193497
SO Hetmyer,West Indies,1159,1.0218446601941749,57.95,9,3,0.29549071618037137,1.384894597235795,1193498
Rashid Khan,Afghanistan,415,0.9921671018276762,37.72727272727273,8,1,0.14623338257016247,1.996193614362004,1193499
Zahoor Khan,United Arab Emirates,59,2.0,14.75,2,0,0.05825242718446602,1.053839364518976,1206059
XM Marshall,United States of America,135,0.66875,33.75,3,1,0.22629310344827586,1.1525862068965518,1206060
XM Marshall,United States of America,135,0.66875,33.75,3,1,0.22629310344827586,1.1525862068965518,1206062
XM Marshall,United States of America,135,0.66875,33.75,3,1,0.22629310344827586,1.1525862068965518,1206063
RD Berrington,Scotland,252,0.9629629629629629,42.0,3,1,0.23765786452353616,1.3355444997236041,1206064
V Kohli,India,1053,0.9545454545454546,52.65,8,4,0.2117787031528852,1.2679635981621882,1187021
V Kohli,India,1053,0.9545454545454546,70.0,8,4,0.2117787031528852,1.2679635981621882,1187022
SO Hetmyer,West Indies,1159,1.0218446601941749,57.95,9,3,0.29549071618037137,1.384894597235795,1187023
V Aravind,United Arab Emirates,126,0.7466666666666667,42.0,2,1,0.20388349514563106,1.1345516847515706,1211169
V Aravind,United Arab Emirates,126,0.7466666666666667,42.0,2,1,0.20388349514563106,1.1345516847515706,1211170
WTS Porterfield,Ireland,692,1.1037735849056605,53.23076923076923,5,1,0.25037707390648567,1.4469672484378369,1203673
ZE Green,Namibia,162,0.7570093457943925,32.4,4,1,0.15952732644017725,1.142713473082121,1211171
ZE Green,Namibia,162,0.7570093457943925,32.4,4,1,0.15952732644017725,1.142713473082121,1211173
WTS Porterfield,Ireland,692,1.1037735849056605,53.23076923076923,5,1,0.25037707390648567,1.4469672484378369,1203674
V Kohli,India,1053,0.9545454545454546,52.65,8,4,0.2117787031528852,1.2679635981621882,1187027
V Kohli,India,1053,0.94,52.65,8,4,0.2117787031528852,1.0302819990505891,1187028
SPD Smith,Australia,1258,1.3142857142857143,65.83333333333333,9,4,0.2577967242539825,1.6365201142593069,1187029
TK Curran,England,903,1.1645569620253164,75.27272727272727,10,3,0.18595135258013185,1.1284807719681405,1185310
V Kohli,India,932,0.9264413518886679,70.0,8,3,0.2117787031528852,1.0302819990505891,1187682
XM Marshall,United States of America,135,0.66875,33.75,3,1,0.22629310344827586,1.1525862068965518,1215123
P Khadka,Nepal,36,1.04,36.0,1,0,,,1215124
TWM Latham,New Zealand,579,1.164835164835165,48.25,9,2,0.22005097706032287,1.6948978222957565,1187683
T Bavuma,South Africa,553,0.9650959860383944,98.0,7,2,0.2846975088967972,1.1499692571407276,1185312
SP Khakurel,Nepal,50,0.9803921568627451,50.0,1,0,0.27472527472527475,1.6160310277957335,1215125
Suraj Kumar,Oman,319,1.0,45.57142857142857,4,2,0.33980582524271846,1.3347623250535872,1215126
V Kohli,India,932,2.4285714285714284,51.77777777777778,8,3,0.2117787031528852,2.6873782970437246,1187684
XM Marshall,United States of America,291,0.7697160883280757,34.857142857142854,6,1,0.24115755627009647,1.2256816458839828,1215127
SW Ambris,West Indies,1210,1.0968229954614221,52.608695652173914,9,3,0.251520572450805,1.3490359769429536,1213871
WIA Fernando,Sri Lanka,461,0.9746300211416491,43.6,7,2,0.18808193668528864,1.0942037336956631,1213872
T Bavuma,South Africa,553,0.9650959860383944,98.0,7,2,0.2846975088967972,1.1499692571407276,1185319
Tamim Iqbal,Bangladesh,672,1.0833333333333333,48.0,10,0,0.18046971569839307,1.76967449526164,1214667
WIA Fernando,Sri Lanka,461,0.9746300211416491,43.6,7,2,0.18808193668528864,1.0942037336956631,1213873
Tamim Iqbal,Bangladesh,672,1.0833333333333333,48.0,10,0,0.18046971569839307,1.2499726181721456,1214668
SPD Smith,Australia,1258,0.9982668977469671,65.83333333333333,9,4,0.2577967242539825,1.0377715868033308,1185320
SPD Smith,Australia,1258,2.142857142857143,65.83333333333333,9,4,0.2577967242539825,2.1085932241417993,1185321
SPD Smith,Australia,1258,0.9982668977469671,65.83333333333333,9,4,0.2577967242539825,1.0377715868033308,1183537
Simi Singh,Ireland,78,1.0833333333333333,39.0,1,0,,,1198247
PR Stirling,Ireland,78,1.0833333333333333,39.0,1,0,,,1198248
T Banton,England,146,1.4747474747474747,56.5,2,1,0.20650406504065041,1.7999340804218853,1198249
PJ Cummins,Australia,323,0.9651567944250871,50.833333333333336,3,1,0.3971486761710794,2.4607942973523422,1198238
TK Curran,England,146,1.4747474747474747,56.5,2,1,0.20650406504065041,1.7999340804218853,1198239
TK Curran,England,146,1.4747474747474747,56.5,2,1,0.20650406504065041,1.7999340804218853,1198240
W Madhevere,Zimbabwe,142,0.8711656441717791,47.333333333333336,2,1,,,1233462
MP Stoinis,Australia,424,1.1625,62.0,4,1,0.21206409048067862,1.3180527307902177,1223955
SPD Smith,Australia,424,1.1625,62.0,4,1,0.21206409048067862,1.3180527307902177,1223956
