negative_rate,no_of_wickets,wickets_per_match,wickets_per_run,no_of_wins,opponent_variability,winning_contribution,winning_wicket_rate_contribution,match_id
-0.7994304125497042,7.0,1.2023809523809523,0.03151637774249738,4.25,2.75,0.04464285714285714,0.14705882352941177,589309
-0.7874644449132093,18.25,1.6269513574660632,0.03720339617222525,5.75,5.0,0.0985576923076923,0.22288359788359788,589310
-0.9201492286173575,6.5,0.7023809523809523,0.015387345484432864,4.75,3.0,0.04653679653679653,0.12631975867269984,565812
-0.9134556262017296,23.5,1.2704545454545455,0.028050445073218556,9.25,4.0,0.11330935251798561,0.21180555555555555,573014
-0.9134556262017296,23.5,1.2704545454545455,0.028050445073218556,9.25,4.0,0.11330935251798561,0.21180555555555555,573015
-0.8264733137517263,12.25,1.659722222222222,0.0383172873379275,6.5,3.75,0.0839041095890411,0.21746817538896748,565813
-0.9134556262017296,23.5,1.2704545454545455,0.028050445073218556,9.25,4.0,0.11330935251798561,0.21180555555555555,573016
-0.8449895556385169,5.25,0.7202380952380952,0.028706203186080137,2.0,2.5,0.0528169014084507,0.1929824561403509,567358
-0.6946606757075988,5.75,1.1607142857142856,0.03576807842276948,3.75,2.5,0.036317567567567564,0.14338235294117646,565814
-0.7724482221653973,9.25,1.4548611111111112,0.05979344116374223,3.5,2.5,0.10714285714285714,0.19770408163265304,567359
-0.6946606757075988,5.75,1.1607142857142856,0.03576807842276948,3.75,2.5,0.036317567567567564,0.14338235294117646,565815
-0.9134556262017296,23.5,1.2704545454545455,0.028050445073218556,9.25,4.0,0.11330935251798561,0.21180555555555555,573018
-0.749133211842107,6.25,1.5104166666666667,0.03681461977724372,2.25,2.0,0.04285714285714286,0.1020408163265306,567360
-0.8290981282044977,12.5,1.534722222222222,0.036287738647996365,6.75,4.0,0.08732876712328769,0.21746817538896748,565816
-0.7896786029620003,19.666666666666668,1.7375,0.041358454460710875,6.333333333333333,4.0,0.07317073170731707,0.23931623931623927,573022
-0.8260590234266878,14.5,1.4093406593406592,0.036104599789288476,4.5,3.25,0.07783018867924528,0.18125000000000002,573023
-0.8260590234266878,14.5,1.4093406593406592,0.036104599789288476,4.5,3.25,0.07783018867924528,0.18125000000000002,573024
-0.8325141323863907,12.75,1.4670138888888888,0.039181431188349075,5.5,3.25,0.046146341463414633,0.1901024145922105,573025
-0.7940699091268364,13.0,1.4093406593406592,0.03574314643248686,4.5,3.5,0.08254716981132075,0.20625,573026
-0.8318433880805846,6.75,1.2202380952380953,0.03898017578881986,2.5,2.5,0.07067404426559357,0.19473684210526315,569240
-0.7679156882438656,12.0,1.45625,0.03298626103333255,5.75,4.0,0.08340650977637279,0.18688118811881188,569241
-0.7679156882438656,12.0,1.45625,0.03298626103333255,5.75,4.0,0.08340650977637279,0.18688118811881188,569242
-0.8539828826532367,13.5,1.6785714285714286,0.03980594862438544,3.5,3.0,0.07311320754716981,0.22291666666666665,593985
-0.7347026728632116,17.0,1.8291666666666666,0.045493043978709735,5.0,3.25,0.10439560439560439,0.23490566037735847,567368
-0.6977285416899688,15.5,1.698611111111111,0.04328062124389894,4.5,3.5,0.0879120879120879,0.2122641509433962,567370
-0.6977285416899688,15.5,1.698611111111111,0.04328062124389894,4.5,3.5,0.0879120879120879,0.2122641509433962,567371
-0.7993705174548246,12.0,1.4409722222222223,0.03305658325263513,4.0,2.75,0.10428571428571429,0.19770408163265304,567372
-1.1093893012170477,0.3333333333333333,0.16666666666666666,0.0045662100456621,0.0,1.0,0.0,,623573
-0.8538940087319098,2.0,1.75,0.03229385045422781,0.0,1.0,0.0,,623574
-0.9655967752429861,0.75,0.375,0.007591324200913242,0.0,1.0,0.0,,623575
-0.7205330280535496,9.5,1.2154761904761904,0.034789995543672014,3.25,3.0,0.07333333333333332,0.15625,601613
-0.8427199408778356,8.25,1.3611111111111112,0.030886040948257178,3.5,2.5,0.09931506849315068,0.2125,566923
-0.9205204780014173,14.0,1.4662698412698414,0.030586109745814417,5.0,4.0,0.080078125,0.21389324960753534,566924
-0.8427199408778356,8.25,1.3611111111111112,0.030886040948257178,3.5,2.5,0.09931506849315068,0.2125,566925
-0.8317442572807632,14.0,1.7,0.03802497842328482,4.5,3.0,0.1095505617977528,0.21864406779661016,578614
-0.8445530784879177,14.75,1.315359477124183,0.03293293967101312,4.25,3.75,0.07327586206896552,0.19166666666666668,578615
-0.7862125899881335,19.0,1.8971153846153848,0.046403700562465455,7.5,3.25,0.1111111111111111,0.23370765832106039,578616
-0.8303031462029764,8.5,1.3194444444444444,0.033924948081991896,3.5,2.75,0.08904109589041095,0.1875,578617
-0.712027121953071,19.75,1.7907967032967034,0.04570412404092071,4.75,4.75,0.11829710144927538,0.2282590051457976,578618
-0.7408101863253707,13.75,1.4310515873015872,0.0376525385487896,6.0,3.25,0.08143939393939394,0.2069620253164557,578619
-0.7631705076954701,12.0,1.2600108225108224,0.03102595611166855,3.75,3.25,0.10416666666666667,0.21409574468085105,578621
-0.8427199408778356,8.25,1.3611111111111112,0.030886040948257178,3.5,2.5,0.09931506849315068,0.2125,578624
-0.7828844200887082,13.75,1.4364010989010987,0.035333639860051815,6.5,3.25,0.08169934640522876,0.1982695139911635,578625
-0.7924946313894814,19.75,1.625,0.03775738040370946,8.5,4.25,0.1004590395480226,0.21473445171992386,566946
-0.7408101863253707,13.75,1.4310515873015872,0.0376525385487896,6.0,3.25,0.08143939393939394,0.2069620253164557,566947
-0.8386304667736761,17.5,1.625,0.03663557245722991,7.25,4.25,0.09955420197740113,0.22875997422002267,566948
-0.8103614948777295,16.0,1.214169000933707,0.03198176528233874,5.0,4.0,0.07584920226453938,0.17096530920060332,597923
-0.7681160370914657,16.5,1.5058356676003735,0.03616315910513563,4.75,3.75,0.07596569807069035,0.19246430652680652,597924
-0.8703982214560346,12.0,1.458829365079365,0.03567029287400157,5.25,3.0,0.07575757575757576,0.23259493670886075,597925
-0.7408101863253707,13.75,1.4310515873015872,0.0376525385487896,6.0,3.25,0.08143939393939394,0.2069620253164557,597929
-0.8103614948777295,16.0,1.214169000933707,0.03198176528233874,5.0,4.0,0.07584920226453938,0.17096530920060332,645635
-0.7353335030719522,16.5,1.551510989010989,0.039308968891482304,4.0,4.5,0.0807295338817078,0.2345721364589289,645637
-0.770804267902112,10.5,1.55,0.048157752707002496,3.75,2.5,0.08707865168539325,0.19322033898305083,635653
-0.6660388075281691,5.75,0.7798611111111111,0.02872279949883973,3.75,2.75,0.02976190476190476,0.10304284323271666,643665
-0.7742134304839897,18.5,1.8443681318681318,0.04540578261697249,4.0,4.25,0.12072953388170782,0.3027539546407471,645643
-0.7840874521793907,4.5,1.425,0.03575983507263189,1.75,2.0,0.13,0.20833333333333331,643667
-0.8193666151948581,11.0,1.031439393939394,0.025570347876298024,3.5,3.5,0.08816056910569106,0.19811496827174319,635655
-0.7038525420632152,7.25,1.91875,0.04903213974150909,3.25,1.75,0.040535714285714286,0.2505952907851642,643669
-0.8193666151948581,11.0,1.031439393939394,0.025570347876298024,3.5,3.5,0.08816056910569106,0.19811496827174319,635656
-0.827886232589405,12.0,1.5999999999999999,0.04675342669914689,4.25,3.0,0.08946067415730335,0.19311306586569404,635657
-0.7038525420632152,7.25,1.91875,0.04903213974150909,3.25,1.75,0.040535714285714286,0.2505952907851642,643675
-0.7038525420632152,7.25,1.91875,0.04903213974150909,3.25,1.75,0.040535714285714286,0.2505952907851642,643677
-0.7440405592813379,4.0,1.325,0.03473096384646872,1.75,2.0,0.12000000000000001,0.19444444444444442,659549
-0.9481023010297015,2.3333333333333335,2.3333333333333335,0.052744030163385,0.0,1.0,0.0,,660827
-0.7440405592813379,4.0,1.325,0.03473096384646872,1.75,2.0,0.12000000000000001,0.19444444444444442,659551
-0.8447861100268886,4.0,1.325,0.028193572616669604,1.5,2.0,0.09428571428571429,0.185,659553
-0.7863177481508289,13.333333333333334,1.3614718614718615,0.0382983348550063,5.333333333333333,4.0,0.0782608695652174,0.16666666666666666,566940
-0.8633505374687537,3.75,1.2500000000000002,0.03527292555232297,1.0,3.0,0.1,0.2,660837
-0.8052555524924321,11.0,2.021103896103896,0.048723751141254726,4.25,3.25,0.06663216011042099,0.23343373493975905,566942
-0.8052555524924321,11.0,2.021103896103896,0.048723751141254726,4.25,3.25,0.06663216011042099,0.23343373493975905,566944
-0.8605709606988619,7.75,1.6961038961038961,0.04239302224955022,4.0,3.75,0.04886128364389234,0.20041745931092794,566945
-0.7555077141647053,23.25,1.456766917293233,0.03672317669690789,10.25,5.25,0.09722222222222222,0.20247395833333334,647249
-0.7555077141647053,23.25,1.456766917293233,0.03672317669690789,10.25,5.25,0.09722222222222222,0.20247395833333334,647251
-0.851971385902815,19.25,1.4239583333333334,0.033298095265465746,8.25,3.75,0.1015625,0.191875,647253
-0.7216239316440635,21.75,1.956766917293233,0.048784580205679814,9.25,4.25,0.09781639928698753,0.252328412176274,647259
-0.7333141229398066,18.0,1.2305147058823531,0.03283857701373599,7.5,4.75,0.07394366197183098,0.15979938271604938,649091
-0.8391341854265224,7.75,0.956060606060606,0.024968641413205466,4.0,2.25,0.0575,0.1313559322033898,668955
-0.8241746541751821,17.0,2.0580357142857144,0.04665488835812036,4.5,3.75,0.08974358974358976,0.23671497584541062,649093
-0.85615447917994,15.0,1.2358630952380953,0.028975629651609405,6.75,3.5,0.0828125,0.184375,647261
-0.697083729328825,10.25,1.4833333333333334,0.042475228919320984,4.25,2.5,0.09705882352941177,0.19666666666666666,668957
-0.7333141229398066,18.0,1.2305147058823531,0.03283857701373599,7.5,4.75,0.07394366197183098,0.15979938271604938,649095
-0.7642737545131705,22.0,1.5187499999999998,0.039133622058781035,7.25,4.75,0.09557033559380977,0.213743894993895,649097
-0.7642737545131705,22.0,1.5187499999999998,0.039133622058781035,7.25,4.75,0.09557033559380977,0.213743894993895,649099
-0.7343476503055175,19.75,1.2840396445659603,0.03354408803565745,10.25,5.0,0.0892379679144385,0.18528580565998332,676529
-0.7790193366458852,17.25,1.3603365384615385,0.03515675870685919,5.25,4.5,0.087890625,0.22488888888888892,676531
-0.7182533166996314,6.75,1.5401785714285714,0.03685097960301299,3.0,2.75,0.032703823122984796,0.172266139657444,685731
-0.7464695842071429,16.5,2.0357142857142856,0.047134510484328276,5.0,3.25,0.09466963508879678,0.2483530961791831,685733
-0.7343476503055175,19.75,1.2840396445659603,0.03354408803565745,10.25,5.0,0.0892379679144385,0.18528580565998332,676533
-0.8098108164346312,15.0,2.4642857142857144,0.05578730844944456,4.0,3.0,0.08760683760683763,0.2789855072463768,685735
-0.7343476503055175,19.75,1.2840396445659603,0.03354408803565745,10.25,5.0,0.0892379679144385,0.18528580565998332,648651
-0.7697670681773462,21.75,1.3983253588516746,0.03459401013821113,10.25,5.0,0.09555109922756982,0.20047677788220553,648653
-0.7728868659249217,12.0,1.0117826617826617,0.03133460009891579,6.0,4.75,0.07870370370370369,0.14397031539888683,657637
-0.7964598157316686,13.5,1.1784493284493287,0.03190948628306519,6.0,4.75,0.09027777777777779,0.1699443413729128,657639
-0.7964598157316686,13.5,1.1784493284493287,0.03190948628306519,6.0,4.75,0.09027777777777779,0.1699443413729128,657641
-0.7491472709719074,19.5,1.330514705882353,0.03473028824368252,7.5,5.0,0.088528082072683,0.19715438882105552,657643
-0.7877677928006814,18.0,1.2799793956043957,0.033834643322243806,5.25,5.0,0.083984375,0.20711111111111113,661685
-0.7619637560512871,13.0,1.3284493284493286,0.03467760461213307,5.5,4.5,0.08356481481481481,0.196134817563389,657645
-0.7811770708190799,16.5,1.4206043956043957,0.03708126372746786,4.25,4.5,0.068359375,0.16444444444444445,661689
-0.8424801123721015,18.5,1.4535714285714285,0.03763121481477572,6.75,4.5,0.10779816513761468,0.18880208333333334,661693
-0.9382808127426087,16.0,1.1083333333333334,0.025120807184979506,7.0,3.5,0.08125,0.17634680134680136,636159
-0.9012544285399426,20.75,1.3395833333333333,0.02955135072643642,8.5,3.75,0.10121527777777778,0.19407359761133347,636160
-0.8661309085295231,27.25,1.4355357142857144,0.03092987208313642,12.0,5.5,0.09747706422018348,0.20408512205387205,667641
-0.9322612059584734,9.5,0.8777777777777778,0.019175689754609215,4.5,3.0,0.051562500000000004,0.16610549943883277,636161
-0.6416666666666666,1.0,1.0,0.026515151515151516,1.0,1.0,0.08333333333333333,0.125,696733
-0.9042207792207793,0.5,0.375,0.014901960784313726,0.0,1.25,0.0,,696731
-0.9246256913690367,14.5,1.4645833333333333,0.03137227806699425,6.25,3.0,0.07579298048048048,0.20171639728953136,636162
-0.9110833372544171,14.75,1.216991341991342,0.028953967016812493,6.75,5.0,0.08108108108108109,0.1945288753799392,636163
-0.9050272009494571,3.0,1.1666666666666667,0.04038917552637065,0.75,2.5,0.11363636363636365,0.16666666666666666,696747
-0.8320541645586639,11.75,1.036904761904762,0.028638409059380036,5.5,4.0,0.07110091743119266,0.15559895833333334,667647
-0.6866923305527074,4.75,1.7083333333333335,0.047768566362393725,1.0,2.75,0.10526315789473684,0.19999999999999998,696759
-0.8334854746913622,25.75,1.2768055555555555,0.028404102306149356,13.0,5.5,0.09403669724770641,0.17949021464646464,667649
-0.8753357601058955,2.25,0.8583333333333334,0.02097363064604684,2.0,1.25,0.04591836734693877,0.11499999999999999,690355
-0.8658066740941164,3.0,1.275,0.04726301717490552,2.25,1.5,0.06632653061224489,0.175,690357
-0.8190380273740283,9.75,1.1355744949494948,0.029918205640660868,5.75,4.75,0.0547945205479452,0.18925518925518925,690359
-0.9070111019218017,10.0,1.4465811965811965,0.03594779120165294,4.25,3.25,0.0531496062992126,0.22348336594911936,702139
-0.777295261965802,32.5,1.4010989010989012,0.035262198658833066,11.75,5.25,0.09569377990430622,0.18612258953168045,710291
-0.8334854746913622,25.75,1.2768055555555555,0.028404102306149356,13.0,5.5,0.09403669724770641,0.17949021464646464,710293
-0.7935326851683507,15.0,1.3489583333333335,0.03162041176084652,7.25,5.75,0.07994803967879074,0.20689641652944404,710297
-0.9735851508988267,13.0,1.121212121212121,0.027332349702561386,6.0,4.5,0.07557557557557557,0.1854043977963526,636533
-0.7607589946415314,4.5,1.4166666666666667,0.05562614437470452,2.0,2.0,0.07142857142857142,0.27,710299
-0.9110833372544171,14.75,1.216991341991342,0.028953967016812493,6.75,5.0,0.08108108108108109,0.1945288753799392,636534
-0.777295261965802,32.5,1.4010989010989012,0.035262198658833066,11.75,5.25,0.09569377990430622,0.18612258953168045,710301
-0.796322619679763,2.75,1.375,0.036409451813816385,1.0,2.0,0.109375,0.175,710303
-0.7352931990259105,24.75,1.374908424908425,0.03578274037215893,9.75,4.75,0.07466762098988156,0.21911557906191947,710305
-0.8169505250006226,27.5,1.8105357142857144,0.0395156988972476,11.5,5.0,0.10348084187803562,0.24198805530428663,710307
-0.8196995892337791,14.0,1.141025641025641,0.02885973019851467,6.25,4.75,0.08133690735466577,0.19303280944227005,636535
-0.8266276587241563,11.0,1.5782828282828283,0.037869047574392536,4.5,4.0,0.05546370650291293,0.23364250428470612,710309
-0.8388890972764329,14.5,1.0383522727272727,0.02669231523812842,7.75,6.0,0.07756652495669972,0.1701403591311848,710311
-0.8161224092833282,5.75,1.15,0.0333853986304077,2.0,5.0,0.09868421052631579,0.19736842105263158,706767
-0.8561917581371282,14.25,1.2392156862745098,0.03690359264577343,6.75,5.75,0.06382978723404255,0.16220238095238096,667891
-0.8509960437593018,11.25,1.9261904761904762,0.041410175503691526,3.25,3.5,0.0425531914893617,0.15873015873015872,667893
-0.8561917581371282,14.25,1.2392156862745098,0.03690359264577343,6.75,5.75,0.06382978723404255,0.16220238095238096,667895
-0.8293746350060212,24.75,1.556502525252525,0.035413203413002255,11.5,7.5,0.0812937062937063,0.2256582633053221,667897
-0.8293746350060212,24.75,1.556502525252525,0.035413203413002255,11.5,7.5,0.0812937062937063,0.2256582633053221,730083
-0.7441964670953357,19.5,2.1063415750915753,0.057352233046258486,6.5,2.75,0.08445945945945946,0.206031746031746,730085
-0.7879431284570336,24.5,1.4369373078612206,0.0350927415504481,13.5,7.75,0.08041958041958042,0.20295605742296915,730087
-0.8871833598077093,2.0,0.5142857142857143,0.01132826710861393,0.75,1.5,0.05,0.09523809523809523,756037
-0.8674584195204065,4.25,0.7749999999999999,0.020959922638972967,1.5,5.5,0.07258064516129031,0.13749999999999998,756039
-0.9977618416936238,1.0,0.4107142857142857,0.013147154850746268,1.0,1.25,0.05131578947368421,0.10714285714285714,756041
-0.9569080954871896,2.6666666666666665,0.6666666666666666,0.013083104123566551,0.6666666666666666,1.6666666666666667,0.03333333333333333,0.07142857142857142,736437
-0.9531677044037262,3.25,1.0892857142857142,0.024149979621525618,0.75,1.25,0.09078947368421053,0.28571428571428564,736439
-0.8969843231510133,12.0,1.3722222222222222,0.03127355704365051,4.25,3.5,0.09666666666666666,0.20155038759689925,730287
-0.7234773076992401,9.5,1.3221153846153846,0.03327817816345541,5.0,2.25,0.048788313453117925,0.1388888888888889,736441
-0.8930113966279504,5.75,0.8687499999999999,0.021456937030391126,2.0,4.25,0.0967741935483871,0.2,730289
-0.9107193311073176,3.25,1.0267857142857144,0.020866645396992217,0.75,1.5,0.07631578947368421,0.19047619047619047,736443
-0.8930113966279504,5.75,0.8687499999999999,0.021456937030391126,2.0,4.25,0.0967741935483871,0.2,730291
-0.8122856587205733,18.25,1.197532894736842,0.029066739085926805,8.5,4.75,0.06686046511627906,0.15521191294387168,745161
-0.7679730007079348,18.25,2.148008241758242,0.059108030369784896,6.5,3.0,0.08880982938245507,0.22388888888888886,736445
-0.8873782307195157,4.5,1.4017857142857142,0.0315904558120018,1.0,1.5,0.11710526315789474,0.2857142857142857,736447
-0.9027241035892651,20.75,1.3211659663865547,0.02582815550587262,6.75,8.0,0.1360759493670886,0.21226415094339623,667725
-0.9548905515080462,3.25,1.0267857142857144,0.020866645396992217,0.75,1.5,0.05131578947368421,0.14285714285714285,736449
-0.7441964670953357,19.5,2.1063415750915753,0.057352233046258486,6.5,2.75,0.08445945945945946,0.206031746031746,736451
-0.9027241035892651,20.75,1.3211659663865547,0.02582815550587262,6.75,8.0,0.1360759493670886,0.21226415094339623,667727
-0.9271127737302685,3.25,1.0267857142857144,0.020866645396992217,0.5,1.5,0.05131578947368421,0.21428571428571427,736453
-0.9027241035892651,20.75,1.3211659663865547,0.02582815550587262,6.75,8.0,0.1360759493670886,0.21226415094339623,667729
-0.7503906894867411,18.0,2.1592261904761907,0.059009952318700515,6.0,3.0,0.08036388343650915,0.21714285714285714,736455
-0.8495720008433482,1.6666666666666667,0.8333333333333334,0.04376270680618507,0.0,2.0,0.0,,727935
-0.7430511143410852,2.0,1.875,0.04410782197553706,0.75,1.25,0.13461538461538464,0.2333333333333333,727937
-0.8116092018324103,2.25,0.7083333333333334,0.024699334539506297,1.75,2.75,0.0763888888888889,0.15,727939
-0.8462036626115017,8.25,0.7256578947368421,0.019150356061156507,4.5,3.0,0.02532345234195873,0.08563172222966037,727919
-0.9161202962930303,15.75,1.1079306722689077,0.02339143880328723,5.75,6.75,0.10443037974683544,0.18396226415094338,770121
-0.8970753690787299,13.75,1.3206709956709957,0.029947414713281197,6.0,4.5,0.07167832167832168,0.1857250430292599,727921
-0.926705591107765,8.75,1.261111111111111,0.035326539728712046,3.75,3.25,0.06592326139088728,0.18484253875968992,770123
-0.8724262368926041,9.75,0.9131578947368421,0.023193482745792627,4.75,3.25,0.028844579102522108,0.1148525014504396,727923
-0.9019937353051761,8.25,1.3166666666666667,0.039978544502529495,3.5,3.25,0.06899280575539568,0.1749636627906977,770127
-0.7733291448206495,30.25,1.9593253968253967,0.049033706244645564,11.25,4.75,0.0896414342629482,0.20612720612720611,749771
-0.9443978075426191,8.0,1.3958333333333333,0.02925486848767553,2.25,3.5,0.06632653061224489,0.20555555555555557,749773
-0.8368388636876387,8.25,1.034988038277512,0.03046309294284706,8.5,4.25,0.029922779922779922,0.12847152847152848,792289
-0.8764356928808313,14.0,1.3798611111111112,0.03000467486281344,4.75,5.75,0.08125,0.2652439024390244,792291
-0.872812999784454,10.0,1.2354166666666668,0.029512483387608934,4.0,4.75,0.06117424242424242,0.24925474254742547,792293
-0.8526842734210396,14.75,1.1888341921236658,0.03117609640522472,10.25,5.75,0.04826254826254826,0.14440004440004442,792295
-0.7733291448206495,30.25,1.9593253968253967,0.049033706244645564,11.25,4.75,0.0896414342629482,0.20612720612720611,754723
-0.8630514316327237,7.25,1.0729166666666667,0.037624777183600716,3.0,4.0,0.04249952945605119,0.17819044099531905,792297
-0.7288333622631449,24.0,1.8898809523809526,0.04956813789440044,8.75,4.25,0.07071713147410358,0.20337995337995338,754725
-0.7288333622631449,24.0,1.8898809523809526,0.04956813789440044,8.75,4.25,0.07071713147410358,0.20337995337995338,754727
-0.9165055738337009,4.75,1.0071428571428571,0.030537276303004176,1.0,2.0,0.06999999999999999,0.21875,760787
-0.9142120108813456,14.0,1.4226190476190474,0.0326197242302068,6.0,3.75,0.06861888111888112,0.19795015707768665,754729
-1.0296559085122916,4.75,0.8571428571428572,0.01762419616608683,0.75,2.5,0.03,0.125,760789
-0.9689494446957133,2.5,0.8125,0.025533617941195963,0.5,2.0,0.04,0.25,760791
-0.830978948306979,9.0,1.0416666666666667,0.033507042642140224,3.5,3.25,0.060897435897435896,0.14083333333333334,750663
-0.8830442938969455,2.5,0.75,0.02339509459138943,0.5,1.5,0.02,0.125,760793
-0.8390410543673311,1.3333333333333333,1.0,0.027448397013614404,0.6666666666666666,1.6666666666666667,0.018518518518518517,0.05,803795
-0.8482254322536622,13.75,1.1349880382775122,0.03141114676694111,9.75,5.0,0.045366795366795366,0.1385725385725386,750665
-0.8439549743676927,1.5,0.75,0.023291925465838508,1.0,1.75,0.04837164750957854,0.15,803797
-0.8249443861270559,6.75,1.2361111111111112,0.03231437609432827,2.5,2.25,0.07196969696969696,0.1644736842105263,760795
-0.822623022615108,13.75,1.534988038277512,0.038884007155731815,8.75,4.75,0.045366795366795366,0.17586857586857588,750669
-0.9117582836685303,8.5,1.3125,0.02808171553191454,2.75,3.25,0.037356321839080456,0.14509803921568626,742619
-0.8127680397390431,9.75,1.0391414141414141,0.031235215165953074,3.0,3.25,0.05448717948717948,0.16583333333333333,750671
-0.8603476829048393,6.75,1.9999999999999998,0.04697902076560355,1.75,2.75,0.0663265306122449,0.2833333333333333,742621
-0.8127680397390431,9.75,1.0391414141414141,0.031235215165953074,3.0,3.25,0.05448717948717948,0.16583333333333333,750673
-0.9045341830999232,8.25,2.208333333333333,0.05162328954030711,2.0,3.0,0.07142857142857142,0.28888888888888886,742623
-0.8127680397390431,9.75,1.0391414141414141,0.031235215165953074,3.0,3.25,0.05448717948717948,0.16583333333333333,750675
-0.9380604019717242,6.0,1.0125,0.025753374580493385,2.75,3.0,0.022087473212546272,0.10784313725490197,742625
-0.9237794879932296,5.75,1.0,0.02498713240479729,2.25,2.75,0.01996882914474966,0.12418300653594772,742627
-0.861164131840949,8.0,1.1840277777777777,0.028777488381292703,2.75,4.75,0.06716417910447761,0.19736842105263158,812623
-0.9286886989546448,6.0,0.9523809523809523,0.019063356150874088,3.5,3.25,0.0549630232074294,0.1266312893081761,749781
-0.8029768969998168,3.25,1.1833333333333333,0.029916774112044887,1.5,1.5,0.09166666666666666,0.18333333333333335,810829
-0.791027066683462,6.75,1.15625,0.03196354654277733,3.0,4.75,0.060525295599922466,0.1648550724637681,812645
-0.8091278561250458,19.0,0.9692857142857142,0.030156565028913174,13.0,6.25,0.05263157894736842,0.13832539085681544,749783
-0.8137603738209058,11.5,1.1970238095238095,0.03167201086428021,6.5,3.5,0.05438762626262626,0.16270220054352336,754751
-0.8029768969998168,3.25,1.1833333333333333,0.029916774112044887,1.5,1.5,0.09166666666666666,0.18333333333333335,810833
-0.8525417406554436,4.5,0.9750000000000001,0.02408863882188944,2.75,2.75,0.03260869565217391,0.11886792452830187,722341
-0.9258930954414434,11.0,1.1220238095238095,0.029589880708348417,6.25,3.25,0.04750631313131313,0.13903248433739937,754749
-0.90905064394176,7.0,1.1577380952380953,0.02879688935832516,3.5,2.75,0.06046135762562445,0.15924346879535559,749787
-0.8060093817149983,6.5,1.1047619047619046,0.03180937346690088,2.25,2.0,0.046112489660876756,0.18333333333333335,754753
-0.8626640084037873,19.75,1.419871794871795,0.03292923308549179,10.0,5.0,0.08505154639175258,0.17540445101420712,722343
-0.7802953089552345,20.0,1.3705357142857142,0.03933692333207849,11.0,5.75,0.05859504303210858,0.179615646096093,749789
-0.8742096290261037,13.75,1.6541666666666668,0.038022230118439124,6.25,3.5,0.06222527472527472,0.1991912229635444,754755
-0.8218613411548195,3.75,0.725,0.023392305099904726,2.75,2.75,0.03260869565217391,0.11886792452830187,722345
-0.8480786775993023,15.75,1.2906746031746033,0.0369396121076577,9.0,4.75,0.04596987752399867,0.1749948272294641,749791
-0.8754327697262481,3.75,1.125,0.03271631442391405,2.5,2.25,0.03176106900678101,0.14794308691617694,722347
-0.90905064394176,7.0,1.1577380952380953,0.02879688935832516,3.5,2.75,0.06046135762562445,0.15924346879535559,749793
-0.8337421997687606,12.25,1.2797619047619047,0.030777284891651827,3.25,2.75,0.058858464616154044,0.175,754759
-0.8874203260488991,4.0,0.7738095238095238,0.017752954840472776,2.75,3.5,0.028907581930125065,0.09600154169729641,749795
-0.8337421997687606,12.25,1.2797619047619047,0.030777284891651827,3.25,2.75,0.058858464616154044,0.175,754761
-0.9237794879932296,5.75,1.0,0.02498713240479729,2.25,2.75,0.01996882914474966,0.12418300653594772,749797
-0.8039309992558195,19.25,1.6661706349206349,0.04358671429723963,8.25,5.0,0.05489192295647038,0.22563827187995517,656399
-0.8852139412859876,14.5,1.3333333333333333,0.030105594197025354,3.75,3.0,0.07480480557032462,0.19375,656401
-0.8849921745133016,7.25,0.93125,0.02709756259629733,1.25,3.0,0.08,0.21875,656403
-0.8802882386472979,12.0,1.4971590909090908,0.030888223277948983,2.75,3.25,0.0524085637823372,0.2151702786377709,656405
-0.7580005031877789,3.0,0.7833333333333333,0.02399748773354652,2.0,2.0,0.06847826086956522,0.14094827586206898,656407
-0.8202585823017894,7.75,1.3916666666666666,0.03116106285608923,3.5,2.5,0.04867367415747715,0.18057883081711135,656409
-0.8038581565662237,6.5,1.40625,0.035792375371606164,2.5,3.75,0.06798798216708665,0.23503051106025932,656411
-0.8202585823017894,7.75,1.3916666666666666,0.03116106285608923,3.5,2.5,0.04867367415747715,0.18057883081711135,656415
-0.8927334140858945,12.0,1.1846590909090908,0.024826350368249987,2.75,3.5,0.055921052631578955,0.22039473684210525,656417
-0.8384460260913078,21.75,1.6615384615384616,0.036944740487003705,9.5,4.75,0.09054762534143979,0.2039115449086755,656423
-0.8213341221730812,19.0,1.6165674603174602,0.041518368973498615,9.5,5.25,0.056536659798575646,0.21363374940057236,656421
-0.7173937993630845,8.5,1.6916666666666667,0.04710053136825525,1.5,2.5,0.15178571428571427,0.3421052631578947,656425
-0.8210451654971471,2.75,0.7833333333333333,0.02283211592444552,1.5,2.0,0.057608695652173914,0.15344827586206897,656429
-0.7456747996442951,11.75,1.3062500000000001,0.03814854262061029,5.5,4.25,0.09158415841584158,0.1681034482758621,656433
-0.8547953425957215,6.75,1.0277777777777777,0.024295720822463892,2.75,4.75,0.06013354281225451,0.18906641604010024,656431
-0.8525417406554436,4.5,0.9750000000000001,0.02408863882188944,2.75,2.75,0.03260869565217391,0.11886792452830187,656435
-0.817888159813982,17.5,1.4405594405594406,0.03173221791357643,7.5,6.0,0.08142857142857143,0.18908045977011495,656439
-0.8202585823017894,7.75,1.3916666666666666,0.03116106285608923,3.5,2.5,0.04867367415747715,0.18057883081711135,656437
-0.8849921745133016,7.25,0.93125,0.027097562596297326,1.25,3.0,0.08,0.21875,656443
-0.8352310625917608,20.25,1.4915674603174602,0.040627572176973575,10.5,5.5,0.060638653180233384,0.1998207364774839,656441
-0.7580005031877789,3.0,0.7833333333333333,0.02399748773354652,2.0,2.0,0.06847826086956522,0.14094827586206898,656445
-0.8547953425957215,6.75,1.0277777777777777,0.024295720822463892,2.75,4.75,0.06013354281225451,0.18906641604010024,656449
-0.9240364351607971,5.25,0.9642857142857143,0.022100126848534046,2.25,4.25,0.07317073170731707,0.17708333333333334,656447
-0.7456747996442951,11.75,1.3062500000000001,0.03814854262061029,5.5,4.25,0.09158415841584158,0.1681034482758621,656451
-0.8425215780793697,21.25,1.7814685314685315,0.038898365470516276,7.75,5.75,0.0958456486042693,0.22701149425287356,656453
-0.8849921745133016,7.25,0.93125,0.02709756259629733,1.25,3.0,0.08,0.21875,656457
-0.8202585823017894,7.75,1.3916666666666666,0.03116106285608923,3.5,2.5,0.04867367415747715,0.18057883081711135,656459
-0.8501864911175043,22.5,1.3214285714285714,0.0351219484940325,11.75,6.0,0.06618834699023006,0.19055266645522395,656461
-0.8896780587335019,14.5,1.4583333333333333,0.031526132817919106,3.25,2.75,0.07083304917138375,0.225,656463
-0.8425215780793697,21.25,1.7814685314685315,0.038898365470516276,7.75,5.75,0.0958456486042693,0.22701149425287356,656465
-0.7559332622231267,5.5,1.125,0.03587406507399157,1.25,2.5,0.07142857142857142,0.14035087719298245,656467
-0.8854712957292283,5.0,1.625,0.03829501136720699,1.5,3.5,0.054878048780487805,0.21875,656469
-0.8492940098121389,18.25,1.5067496229260935,0.03506058896888448,7.75,5.0,0.0757351265101436,0.20093346434587311,656471
-0.8425215780793697,21.25,1.7814685314685315,0.038898365470516276,7.75,5.75,0.0958456486042693,0.22701149425287356,656475
-0.8257730140946433,19.25,1.6157051282051282,0.041382914475981025,8.25,5.0,0.08244749694749695,0.21332292459524604,656477
-0.806302567178399,8.75,1.09375,0.025733092879470107,2.75,3.25,0.04753820033955857,0.16672932330827067,656481
-0.8095434905172967,4.5,0.8083333333333333,0.023236753315301527,3.25,3.25,0.040095385980479153,0.1269296740994854,656479
-0.8626640084037873,19.75,1.419871794871795,0.03292923308549179,10.0,5.0,0.08505154639175258,0.17540445101420712,656483
-0.7456747996442951,11.75,1.3062500000000001,0.03814854262061029,5.5,4.25,0.09158415841584158,0.1681034482758621,656485
-0.8414358278910395,20.25,1.528205128205128,0.04085410563174646,10.5,7.25,0.07719295533363975,0.1972328480731842,656487
-0.98515220309298,13.5,1.1963675213675213,0.025621609230621487,4.25,5.25,0.06473214285714286,0.183974358974359,656489
-0.8425215780793697,21.25,1.7814685314685315,0.038898365470516276,7.75,5.75,0.0958456486042693,0.22701149425287356,656493
-0.8329345777071889,25.5,1.5439946018893387,0.04217079980116341,12.5,8.25,0.08393026564237863,0.19404775900865667,656495
-0.9150815163116361,8.0,1.1666666666666667,0.024986829091306704,2.25,3.25,0.0645996038483305,0.20758841548315235,858485
-0.6967416273415575,12.75,1.7312500000000002,0.04987295639992133,5.5,3.75,0.10736809982368099,0.22590216519647155,858487
-0.6967416273415575,12.75,1.7312500000000002,0.04987295639992133,5.5,3.75,0.10736809982368099,0.22590216519647155,858489
-0.8686848564986118,12.25,1.0363927738927738,0.02484774472178071,2.25,6.25,0.06578947368421052,0.14130434782608697,868727
-1.2083121365340714,6.75,0.8791666666666667,0.019108495670995672,2.0,3.25,0.05269076305220884,0.13777777777777778,868729
-0.9045641538273601,19.0,1.8424242424242427,0.04389289998451879,8.0,5.25,0.06557377049180327,0.22943722943722944,743943
-0.9583303503174372,17.5,1.8424242424242427,0.04160685277780641,7.5,5.25,0.060450819672131145,0.22813852813852817,743947
-0.9829202628902074,10.5,1.3143939393939394,0.02759349973051079,2.75,3.75,0.07216494845360825,0.25,743949
-0.8489451096167515,23.25,1.5284090909090908,0.03446394192897757,11.5,9.75,0.09051724137931035,0.18252794214332674,870731
-0.7756685518584331,20.75,1.6811011904761903,0.04217595569042368,10.25,6.75,0.10160427807486631,0.20683557513914655,870735
-0.7922111468529912,21.0,1.3166666666666667,0.03629333281166756,12.333333333333334,6.666666666666667,0.07055961070559612,0.15709530853761622,817207
-1.0136117432303053,10.75,1.4435897435897436,0.03011490716980877,1.75,4.5,0.05921052631578947,0.16666666666666666,885959
-1.0026831389821447,7.5,0.9833333333333333,0.0228700375555212,2.25,4.0,0.04059856447064856,0.17001461988304092,860269
-0.9096766652870077,8.0,1.0484848484848484,0.02865204671779364,2.25,5.75,0.07236842105263158,0.15760869565217392,885965
-0.8475232515800293,18.0,2.359672619047619,0.05005692826605274,8.75,6.25,0.08288770053475936,0.26806006493506496,817209
-0.9339482988120064,6.75,1.3140151515151515,0.03198314956443689,1.5,3.5,0.046052631578947366,0.15217391304347827,885967
-0.9310385026089273,17.75,0.9913888888888889,0.026615350419667623,9.25,8.0,0.0692090395480226,0.14682601880877744,860271
-0.9310385026089273,17.75,0.9913888888888889,0.026615350419667623,9.25,8.0,0.0692090395480226,0.14682601880877744,860273
-0.8180240480730538,7.75,1.2333333333333332,0.03315142283690648,2.25,4.0,0.04175318294454414,0.20001461988304095,860275
-0.8180240480730538,7.75,1.2333333333333332,0.03315142283690648,2.25,4.0,0.04175318294454414,0.20001461988304095,860277
-0.9361856258990269,10.5,0.847718253968254,0.018156342636854873,1.0,4.5,0.05172413793103448,0.16666666666666666,894287
-0.9441759533696417,13.0,1.5646464646464646,0.03763161654450566,6.25,3.75,0.04405737704918033,0.20216450216450219,894289
-0.9498486889372739,11.75,1.1421626984126982,0.02405564254786338,1.0,4.5,0.0414272030651341,0.13333333333333333,894291
-0.9577069771678367,16.75,1.1029411764705883,0.02805999185438269,10.75,6.25,0.050699300699300696,0.1396760116022411,848843
-1.0076456652502321,8.25,0.75,0.02034468994728543,6.75,4.25,0.027972027972027972,0.16084022231563216,848845
-0.8659789985835655,9.0,1.5,0.0445382383343822,7.0,4.25,0.03132773267001455,0.22425710974190546,848847
-0.9715080346708777,19.75,1.3670343137254903,0.0294588188639256,5.0,4.75,0.10046728971962617,0.22064676616915424,743977
-0.9715080346708777,19.75,1.3670343137254903,0.0294588188639256,5.0,4.75,0.10046728971962617,0.22064676616915424,743979
-0.8774422181696541,21.75,1.5858251633986926,0.04188391692038693,12.0,6.25,0.06574675324675325,0.17178013054037644,743981
-1.104478642979976,9.0,1.6979166666666667,0.028548926237177377,2.75,2.5,0.04902215299411561,0.21504975124378112,743983
-1.0170433010584192,16.5,1.3233251633986929,0.0332062309699737,7.5,4.5,0.05032467532467533,0.19250910746812386,743985
-0.8777020037447372,11.5,1.0421626984126984,0.025699977234156107,1.25,4.75,0.0664272030651341,0.19090909090909092,919607
-0.8297964668467955,15.25,1.1180147058823529,0.029095837462465215,6.25,4.75,0.06756756756756757,0.1767508865248227,919611
-0.8791882218846477,8.5,0.8004201680672268,0.020717495679135608,1.25,4.25,0.07500000000000001,0.24242424242424243,919613
-0.8498514871907702,8.75,1.1754201680672267,0.028887430319658486,1.5,4.25,0.0888888888888889,0.2607655502392345,919615
-0.793305816347461,21.25,1.6458333333333333,0.04060992286745343,9.5,7.25,0.06412639405204461,0.1817712634186623,903593
-0.8694600629398017,6.75,1.2750000000000001,0.029370297441695215,3.25,6.5,0.06640625,0.18571428571428572,919617
-0.7796553901570378,24.25,1.8710526315789475,0.0432449243286662,10.5,7.0,0.09787735849056603,0.22578383155306234,903595
-0.8391507842806544,6.75,1.1397058823529411,0.02771526126922295,1.0,3.0,0.06388888888888888,0.28708133971291866,924627
-0.7242065905827136,14.5,1.499465811965812,0.040212540887699516,7.25,5.75,0.04763102266929077,0.17301711841633471,903597
-0.7556473829201101,7.25,1.7647058823529411,0.07164908479863472,1.25,3.0,0.07638888888888888,0.31947767145135564,924629
-0.8327853587648876,8.5,0.8982142857142857,0.0239593474085305,3.25,7.0,0.07142857142857142,0.14912280701754385,924633
-0.8089484164289231,19.0,1.5137609649122807,0.0376561979628685,10.25,7.0,0.07665094339622641,0.18382578959502038,903599
-0.7242065905827136,14.5,1.499465811965812,0.040212540887699516,7.25,5.75,0.04763102266929077,0.17301711841633471,903601
-0.8633722755359146,7.5,1.050420168067227,0.02346966301090938,1.0,3.75,0.05,0.18181818181818182,931390
-0.8633722755359146,7.5,1.050420168067227,0.02346966301090938,1.0,3.75,0.05,0.18181818181818182,931392
-0.9044449843250109,18.75,1.350653594771242,0.02825562204902517,6.75,5.25,0.08652635554809468,0.2268259001636661,902641
-0.8588564206657341,5.5,0.9313725490196078,0.02137244652214368,0.75,3.25,0.025,0.09090909090909091,931394
-0.9044449843250109,18.75,1.350653594771242,0.02825562204902517,6.75,5.25,0.08652635554809468,0.2268259001636661,902643
-0.9546215844529324,19.5,1.456060606060606,0.029318561909229914,5.25,4.75,0.07481751824817517,0.21887755102040818,902645
-0.9044449843250109,18.75,1.350653594771242,0.02825562204902517,6.75,5.25,0.08652635554809468,0.2268259001636661,902647
-0.7975142662531352,9.5,0.9675802139037434,0.028765680353163642,3.25,4.75,0.07916666666666666,0.21122685185185183,953335
-0.8792109588771433,12.0,1.4532967032967035,0.030873756637385168,5.5,4.5,0.03725490196078431,0.21864669421487604,914207
-0.9084393665725996,9.0,1.3818681318681318,0.02753953639592443,3.5,3.0,0.02814603453321627,0.23495129870129872,914209
-0.7136461347620454,10.0,1.3172619047619047,0.040365493263805494,4.75,4.75,0.0816326530612245,0.18303571428571427,953337
-1.068920156746288,9.75,0.9050420168067227,0.02568836689448354,4.25,4.75,0.05973451327433628,0.19819819819819823,914211
-0.7136461347620454,10.0,1.3172619047619047,0.040365493263805494,4.75,4.75,0.0816326530612245,0.18303571428571427,953339
-0.7136461347620454,10.0,1.3172619047619047,0.040365493263805494,4.75,4.75,0.0816326530612245,0.18303571428571427,953341
-1.1032588348139045,10.5,0.9295955882352942,0.02394332030384204,4.75,5.25,0.06254047053744874,0.19753556910569106,914215
-0.7136461347620454,10.0,1.3172619047619047,0.040365493263805494,4.75,4.75,0.0816326530612245,0.18303571428571427,953343
-0.8283503518310955,13.75,1.401736111111111,0.04091962870601745,8.75,5.5,0.05656108597285068,0.15698529411764708,895807
-0.906681491677532,9.0,1.040625,0.028202991894553057,6.25,4.0,0.03608053903455907,0.1478470165044435,895809
-0.8586659664490357,12.25,1.401736111111111,0.0394098884462772,7.5,4.5,0.04852397794858622,0.19502838905346312,895811
-0.9240846823323634,14.5,1.3645833333333333,0.02717240107927433,5.5,6.25,0.048507462686567165,0.1828756193835559,895813
-0.9234658704511752,10.5,1.03125,0.01999107253349336,4.0,5.0,0.033582089552238806,0.17113882590073068,895815
-0.8627233559429891,15.75,1.2537433155080215,0.03082926474981799,6.5,5.0,0.078125,0.19609106529209622,914227
-0.8283503518310955,13.75,1.401736111111111,0.04091962870601745,8.75,5.5,0.05656108597285068,0.15698529411764708,914231
-0.897155864090376,13.5,1.4306089743589745,0.030556620534247306,5.25,3.25,0.08333333333333333,0.2048906048906049,800471
-0.8161732587716495,10.5,1.3767361111111112,0.04021602421651218,6.5,4.0,0.04173664763184414,0.19674407532797292,914233
-0.8161732587716495,10.5,1.3767361111111112,0.04021602421651218,6.5,4.0,0.04173664763184414,0.19674407532797292,914235
-0.7759130015619824,20.5,1.853308823529412,0.04489725435316298,7.5,6.75,0.10161290322580645,0.22648225957049484,800473
-0.8934419532840459,16.5,1.7449754901960786,0.04020132243120366,6.25,5.25,0.08709677419354837,0.24959150326797383,800475
-0.8934419532840459,16.5,1.7449754901960786,0.04020132243120366,6.25,5.25,0.08709677419354837,0.24959150326797383,800477
-0.943876044063568,9.75,1.4488636363636362,0.03020974849217341,4.75,2.25,0.0518018018018018,0.1774891774891775,932851
-0.9364153820993791,8.75,1.3863636363636362,0.030534862932456393,4.5,2.25,0.044288288288288284,0.161291011619959,932853
-0.7694849890159763,17.25,1.7149305555555556,0.04845717935615072,6.75,4.5,0.09333333333333334,0.2161172161172161,932855
-0.8747172743158982,5.0,1.4270833333333333,0.029634998309484073,2.5,1.75,0.03669724770642202,0.1851851851851852,1007649
-0.7281263652249891,4.5,1.4270833333333333,0.03450829265646263,2.75,1.75,0.03878058103975535,0.1662861491628615,1007651
-0.7395651820856739,3.25,1.625,0.05481065456215194,1.0,2.0,0.15625,0.25,932857
-0.7281263652249891,4.5,1.4270833333333333,0.03450829265646263,2.75,1.75,0.03878058103975535,0.1662861491628615,1007653
-0.7395651820856739,3.25,1.625,0.05481065456215194,1.0,2.0,0.15625,0.25,932859
-0.7958627896400425,3.5,1.1666666666666665,0.029571252095096555,1.0,1.0,0.09722222222222224,0.175,913621
-0.9633085004632131,10.25,1.5625,0.03082849721640285,4.25,2.5,0.05568334291738547,0.19938588543239708,932863
-0.8271593397600673,17.5,1.5522321428571428,0.034403023577387226,6.75,4.5,0.09205284552845529,0.20399711674464147,932865
-0.8629029750634369,12.25,1.1394230769230769,0.02716983779195572,5.25,3.0,0.10511363636363638,0.19814814814814813,913625
-0.6883115658850953,4.0,2.0,0.06655372190793576,1.0,2.0,0.15593112244897958,0.30833333333333335,932867
-1.0151582492092164,3.25,0.7083333333333333,0.018832067134274266,1.5,3.0,0.043103448275862065,0.18055555555555552,913631
-0.7733481948598228,3.75,1.25,0.031248778108905754,1.0,1.0,0.1111111111111111,0.2,997961
-0.7958627896400425,3.5,1.1666666666666665,0.029571252095096555,1.0,1.0,0.09722222222222224,0.175,997965
-0.6724535953709041,14.25,1.6589285714285715,0.04919226715393031,6.25,2.0,0.09243697478991597,0.19089743589743588,997967
-0.8603806907378337,2.25,2.25,0.054167987863640035,1.0,1.0,0.16666666666666666,0.25,997995
-0.7958627896400425,3.5,1.1666666666666665,0.029571252095096555,1.0,1.0,0.09722222222222224,0.175,913649
-0.8782228282568083,13.75,1.6580357142857143,0.034898623743485936,5.5,3.5,0.06441736763978229,0.2247875670840787,995457
-0.8969561602879343,11.75,1.5955357142857143,0.03210152148546031,5.0,3.5,0.05482060688969034,0.23037676609105184,995459
-0.8660200093021434,13.25,1.2878787878787878,0.027869299139870962,6.25,3.5,0.0982142857142857,0.20959087860496312,913655
-0.858467494611162,16.0,1.7381944444444444,0.03661110398839931,6.25,3.75,0.07144633752020893,0.2385841836734694,995461
-0.8113904534730941,6.0,1.1604166666666667,0.033563734367277845,2.5,2.75,0.06779661016949153,0.1645833333333333,913657
-0.8733544286862027,14.5,1.7274801587301587,0.035875784605517824,5.75,3.5,0.06417889565974381,0.23618033751962325,995463
-0.8751130472424208,14.75,1.4583333333333333,0.032153935529638134,6.5,3.5,0.10695288753799391,0.23090189488579832,913659
-0.8733544286862027,14.5,1.7274801587301587,0.035875784605517824,5.75,3.5,0.06417889565974381,0.23618033751962325,995465
-0.7413459872959682,7.0,1.6354166666666667,0.05281184260852935,2.25,3.0,0.08474576271186442,0.21874999999999997,913661
-0.7470725995316159,1.75,1.75,0.059075224292615594,1.0,1.0,0.11666666666666667,0.175,1004285
-0.6851017409308708,15.25,1.5782828282828283,0.04534302707807662,6.25,2.0,0.09243697478991597,0.19089743589743588,1051297
-0.8410511372423188,7.75,1.25,0.02713415870029036,1.5,3.0,0.1015625,0.22368421052631576,936131
-0.9172606539680072,12.5,1.427960927960928,0.030777269139166282,5.5,3.25,0.04574264874485052,0.19218721851918574,936133
-0.6851017409308708,15.25,1.5782828282828283,0.04534302707807662,6.25,2.0,0.09243697478991597,0.19089743589743588,1051299
-0.8908127917932924,17.5,1.7642857142857142,0.037486202806963465,5.75,3.25,0.09210526315789473,0.21450617283950618,936135
-0.6851017409308708,15.25,1.5782828282828283,0.04534302707807662,6.25,2.0,0.09243697478991597,0.19089743589743588,1051301
-0.8683718380028492,8.25,1.25,0.030876866353218943,2.75,2.0,0.11224489795918367,0.21296296296296297,1050225
-0.8403700614524147,10.75,1.177960927960928,0.02692264358850549,4.25,2.75,0.03842557557411881,0.21034798534798538,936137
-0.8778905161637688,7.5,1.4285714285714286,0.03618836795066303,2.25,2.0,0.09183673469387756,0.23148148148148145,1050227
-0.9128170524004289,17.5,1.6087301587301588,0.035309585891540575,6.0,3.75,0.09196602617655249,0.20945987654320986,936139
-0.7028271618316685,7.25,2.3541666666666665,0.07364406348408109,2.75,1.5,0.06382978723404255,0.26105442176870747,1029819
-0.8478666667193866,7.0,1.3265873015873018,0.03396606879789041,3.0,3.75,0.027937420178799487,0.18275943396226413,936141
-0.8491171868132805,14.5,1.1628787878787878,0.027314168180604663,7.0,4.0,0.10025645896656535,0.19099579159941332,1029821
-0.9659451459466168,9.5,1.3168498168498168,0.026370217857115,4.25,2.75,0.031036766391909342,0.17113057707320004,936143
-0.8660200093021434,13.25,1.2878787878787878,0.027869299139870962,6.25,3.5,0.0982142857142857,0.20959087860496312,1029823
-0.8450828746244287,6.25,1.4125,0.03498248506367652,2.5,1.5,0.075,0.16666666666666669,1030219
-0.5787723741979062,5.25,2.1458333333333335,0.13464188735106072,2.5,1.5,0.08355855855855855,0.24747474747474751,1030221
-0.5787723741979062,5.25,2.1458333333333335,0.13464188735106072,2.5,1.5,0.08355855855855855,0.24747474747474751,1030223
-0.583324345524071,3.75,1.875,0.12689377608732447,2.25,1.25,0.05915379665379666,0.22465728715728717,1030225
-0.8648076162528878,9.0,1.3402597402597403,0.030733048528332915,4.5,3.25,0.059160305343511445,0.19642857142857142,1030227
-0.9139242769714483,3.75,1.0625,0.026960821087020564,0.75,2.0,0.03125,0.21428571428571427,1059710
-0.8724470042441755,3.75,1.4375,0.0528066857486747,1.0,2.0,0.04375,0.23966165413533833,1059711
-0.8590973454189303,6.25,1.8214285714285714,0.04274960298539962,2.0,1.75,0.08229813664596272,0.26626626626626626,1059714
-0.8618988705170004,2.75,1.375,0.05373147417346312,1.0,2.0,0.04320175438596491,0.2658774596064629,1059716
-0.8756640382967703,12.75,1.656926406926407,0.036188026959542624,5.0,3.25,0.08206106870229009,0.21785714285714286,1001371
-0.8534207078791014,13.75,1.7569264069264068,0.037764455060090074,5.25,3.5,0.08969465648854963,0.24285714285714283,1001373
-0.8653438546814269,8.0,1.1527597402597403,0.027186323514216598,4.0,3.25,0.05343511450381679,0.18392857142857144,1001375
-0.8001193259881678,9.0,1.5416666666666667,0.04262150148446077,2.75,2.0,0.10267857142857142,0.20416666666666666,1019973
-0.8001193259881678,9.0,1.5416666666666667,0.04262150148446077,2.75,2.0,0.10267857142857142,0.20416666666666666,1019975
-0.8853869614433734,15.5,1.5479166666666666,0.034735341559178415,5.25,4.0,0.08127138720715979,0.21398809523809526,1019977
-0.8969764985214295,8.25,1.3035714285714284,0.028409654813973943,3.25,3.5,0.1059322033898305,0.23379629629629634,1000887
-0.8035999779466401,10.5,1.5729166666666667,0.050919937347970706,3.75,1.75,0.08430232558139536,0.20549242424242423,1034819
-0.885766512854922,7.25,1.0952380952380951,0.026149505011960682,3.75,3.5,0.0847457627118644,0.15046296296296297,1000889
-0.9168203213191422,9.25,1.4444444444444444,0.030101133123865392,4.75,3.75,0.06880733944954129,0.21176470588235294,1034821
-0.8458109283041478,16.75,1.4987179487179487,0.0361246186776345,7.5,4.5,0.05590717299578058,0.18836206896551727,1000891
-0.9194998301269801,5.5,1.03125,0.02734397745402881,2.75,1.5,0.051611587107303146,0.12058080808080808,1034823
-0.8614920728914115,4.25,1.5,0.03686195054945055,1.0,2.0,0.07500000000000001,0.15000000000000002,1078659
-0.8746142217498007,7.75,1.4285714285714284,0.03190044506947008,3.0,3.0,0.08654515904341768,0.21809581320450885,1000893
-0.8274021024118845,1.3333333333333333,0.6666666666666666,0.01567567567567568,0.0,1.0,0.0,,1078660
-0.8014385566217774,2.0,1.75,0.0675,0.5,1.0,0.09375,0.3,1078661
-0.9350889132986612,6.25,1.2857142857142856,0.026128781565358764,2.5,2.75,0.08230787090782447,0.2597624798711755,1000895
-0.9322748071801802,16.5,1.5998168498168497,0.03489393081537394,7.5,3.0,0.08885542168674698,0.20558252427184467,936159
-0.8016076625383821,24.0,1.9302083333333335,0.04451920469583223,9.5,4.5,0.07925886559087834,0.22302727604451744,1020013
-0.7408723444082477,8.75,1.425,0.04188364644067967,3.25,3.75,0.08124999999999999,0.20195578231292513,936161
-0.9290686598563858,15.25,1.3736263736263736,0.0341071524168637,7.5,3.25,0.08283132530120481,0.1842233009708738,936163
-0.8262435016433558,29.75,1.7849702380952381,0.040420157939618416,11.5,5.5,0.09055625342223081,0.20437572219181416,1020017
-0.7737196713732217,6.0,1.3416666666666668,0.038239331571875014,2.25,2.5,0.053125,0.1927437641723356,936165
-0.7962374225571904,7.75,1.45,0.04009784232578456,2.75,3.5,0.075,0.235969387755102,936167
-0.7143342391304348,1.0,0.35,0.011598081855693098,0.0,1.5,0.0,,1079247
-0.8785484493804231,15.25,1.581959706959707,0.03439778437992115,7.25,3.0,0.08315460796063835,0.19715841818612362,1020031
-0.668473695999104,8.5,1.8214285714285714,0.052685948385830635,2.5,2.25,0.08783783783783784,0.2375,1079248
-0.9458045153170787,12.5,1.3736263736263736,0.035256326372160106,6.25,3.0,0.0677710843373494,0.18155339805825244,1020033
-0.8854050616533404,15.5,1.3916666666666668,0.027927041797984768,5.5,3.75,0.08227687626774849,0.21261446886446886,1020035
-0.9032950161797284,18.75,1.3385416666666665,0.029279803287532703,7.5,4.0,0.10110294117647058,0.1881868131868132,1020037
-0.8014385566217774,2.0,1.75,0.0675,0.5,1.0,0.09375,0.3,1080630
-0.9231626815071501,10.0,1.5325757575757577,0.03496282895735968,2.75,3.25,0.08695652173913043,0.26351351351351354,1027315
-0.9027730982397233,14.25,1.3736263736263736,0.03104641308487749,7.0,2.75,0.07787852440690597,0.17513944799642173,1020039
-0.87327179443717,4.75,1.0297619047619047,0.024578419852085674,1.25,3.5,0.07352941176470588,0.23684210526315788,1080631
-0.8915670690313557,11.75,1.275,0.026717699583128713,6.75,4.5,0.0892907551164432,0.1760405724789916,1027317
-0.9646113555103975,8.5,1.615909090909091,0.03170156769609842,2.25,2.5,0.06521739130434782,0.24324324324324328,1027319
-0.8414638871149591,5.75,1.3571428571428572,0.03394763948199887,1.25,3.75,0.08407928388746802,0.28765880217785844,1040491
-0.8970393489868451,4.5,0.9940476190476191,0.02381269544728473,1.5,3.5,0.07320971867007672,0.20961887477313973,1040493
-0.8970393489868451,4.5,0.9940476190476191,0.02381269544728473,1.5,3.5,0.07320971867007672,0.20961887477313973,1040495
-0.779680962518664,5.0,1.2797619047619047,0.034007299162430504,1.25,3.5,0.0770460358056266,0.26225045372050815,1040497
-0.7224189455965275,12.75,1.7532467532467533,0.048853831597509466,3.75,2.75,0.10360360360360361,0.22916666666666669,1040499
-0.8203803991458192,8.0,1.325,0.042816288927726306,2.75,3.25,0.075,0.23596938775510198,1083446
-0.8716617369012608,13.75,1.7833333333333332,0.03846218366705786,3.25,3.5,0.09507042253521125,0.22499999999999998,1083448
-0.7474246346190956,7.25,1.6458333333333333,0.04841818975486972,2.0,3.0,0.15833333333333333,0.2375,1068737
-0.655938066761787,4.5,1.625,0.04547749295477493,2.0,2.0,0.08552631578947369,0.1625,1089183
-0.9565179735580943,8.25,1.7575757575757576,0.037136557770919,1.75,2.5,0.05434782608695652,0.2702702702702703,1077949
-0.9565179735580943,8.25,1.7575757575757576,0.037136557770919,1.75,2.5,0.05434782608695652,0.2702702702702703,1077950
-0.9576276285753461,15.75,1.4130952380952382,0.028420803371890502,4.75,3.5,0.0965909090909091,0.19553571428571428,1077951
-0.9209988464814673,15.75,1.7472222222222222,0.03490623016520113,6.5,4.0,0.0922613531047266,0.23913020833333326,1029001
-0.9688598606542904,12.0,1.4773809523809525,0.030179460310287724,2.5,5.0,0.07507246376811595,0.21351491807287845,1029003
-0.9688598606542904,12.0,1.4773809523809525,0.030179460310287724,2.5,5.0,0.07507246376811595,0.21351491807287845,1033363
-0.9016380849933424,11.25,1.0706140350877194,0.026212852823322065,5.75,3.5,0.04725609756097561,0.12442129629629631,1033365
-0.8488018390851919,11.5,1.575,0.03733450254766174,3.0,3.5,0.06690140845070422,0.18125,1033367
-0.9859235825547976,12.25,1.6964285714285712,0.031771472762767,2.5,4.75,0.06333333333333334,0.20611702127659573,1033369
-0.8488018390851919,11.5,1.575,0.03733450254766174,3.0,3.5,0.06690140845070422,0.18125,1033371
-0.8815624447251699,25.5,1.5300751879699246,0.035952101064609984,13.0,4.5,0.09639830508474578,0.19055433455433457,1031425
-0.8461731722813315,17.5,1.3200899977215768,0.03341373842930758,10.5,4.0,0.06885593220338983,0.17303052503052502,1031427
-0.9358786337694917,17.25,1.415328092959672,0.03026418083084013,8.0,3.5,0.0635593220338983,0.21011640211640212,1031429
-0.9241202497328794,17.25,1.5833333333333333,0.0316815556615529,9.0,4.75,0.07896450667535004,0.20769696969696969,1022347
-0.8693454789062024,10.75,1.175,0.029099921049923483,3.5,4.5,0.07323232323232323,0.20635593220338982,1022351
-0.8906019552001055,21.5,1.2752708978328173,0.02875839616000604,9.0,4.5,0.08987648530331456,0.19009158615136876,1022357
-0.9496186049030126,10.25,1.0916666666666668,0.02939830209213959,3.25,4.0,0.06818181818181818,0.20211864406779662,1022361
-0.9485444682620516,15.0,1.6363636363636362,0.03194572490601071,2.5,3.75,0.07421875,0.21875,1089779
-0.8642819302737921,19.25,1.6136363636363638,0.03529399899189339,4.75,4.5,0.1015625,0.22629310344827586,1022363
-0.9485444682620516,15.0,1.6363636363636362,0.03194572490601071,2.5,3.75,0.07421875,0.21875,1089780
-0.9835016716601901,9.0,1.2357954545454546,0.02471077056564358,4.0,2.5,0.06553398058252427,0.1587837837837838,1022367
-0.9387065662044976,17.25,1.4397435897435897,0.029414849931596074,5.75,3.5,0.10148514851485148,0.19615384615384615,1022369
-0.9420966067055485,13.75,1.491025641025641,0.030451716291043075,4.75,2.75,0.0781381104212116,0.1823076923076923,1022371
-0.9580120403237845,9.5,1.2000811688311688,0.029310559619903517,4.5,2.75,0.0741204718655392,0.16541060291060292,1022373
-0.783513861050859,3.25,1.625,0.055167295441894984,0.75,1.25,0.11249999999999999,0.3,1089420
-0.9580120403237845,9.5,1.2000811688311688,0.029310559619903517,4.5,2.75,0.0741204718655392,0.16541060291060292,1022375
-0.9264356019176838,11.75,1.4166666666666667,0.02715827714001907,2.0,3.0,0.05078125,0.15625,1098207
-0.693038173947265,3.0,1.3125,0.04870582927648145,0.75,1.5,0.075,0.19999999999999998,1104478
-0.7814602694423513,9.75,1.2166666666666668,0.02798319950026752,1.75,2.75,0.05078125,0.20833333333333334,1098208
-0.8939051094021854,5.0,0.8,0.022883714186289296,1.75,2.75,0.03535353535353536,0.17796610169491522,1104479
-0.9315757967233806,7.25,1.5590277777777777,0.0333293072014216,3.5,2.5,0.049317877469032476,0.19061850311850315,1098209
-0.9060861653869751,7.75,1.523313492063492,0.037929096255681534,4.0,2.75,0.0579043687520474,0.19724532224532226,1098210
-0.9090493401714163,5.75,1.55,0.0728837141862893,2.0,2.75,0.04256507381507382,0.21424380704041718,1104480
-0.783513861050859,3.25,1.625,0.055167295441894984,0.75,1.25,0.11249999999999999,0.3,1104482
-0.8748640113547473,13.25,1.1867424242424243,0.03303802235129603,7.0,6.25,0.0748031496062992,0.16091954022988506,1109605
-0.8748640113547473,13.25,1.1867424242424243,0.03303802235129603,7.0,6.25,0.0748031496062992,0.16091954022988506,1109607
-0.9204777756939234,3.0,1.0972222222222223,0.05764886189476075,1.0,1.75,0.01519026186579378,0.21709401709401707,1109608
-0.8200455928198267,11.5,1.4034090909090908,0.03945463814291182,5.75,5.0,0.06913480694431268,0.1882183908045977,1109609
-0.926952574559585,21.0,1.6818181818181819,0.03784842993029806,9.5,6.0,0.09699453551912567,0.20602487135506,1031667
-0.8951225744254551,10.0,1.3555555555555554,0.03355582524271845,4.333333333333333,2.0,0.05913978494623656,0.1706864564007421,1119497
-0.8312723034371967,13.0,1.4367424242424243,0.03393369701378683,6.25,5.25,0.06913480694431268,0.180008210180624,1119498
-0.8938038333945599,13.25,1.1139928698752226,0.024626472453731698,2.5,3.5,0.08333333333333333,0.21904761904761905,1031671
-0.8292637346498295,12.0,1.396969696969697,0.03889929462510723,6.0,4.5,0.054390416837705714,0.2266472397604015,1119499
-0.9284212807320898,19.5,1.5,0.031323505167121755,9.5,6.25,0.08895740769112914,0.19295568896512288,1031675
-0.8748640113547473,13.25,1.1867424242424243,0.03303802235129603,7.0,6.25,0.0748031496062992,0.16091954022988506,1119500
-0.9599431745316414,8.0,1.382051282051282,0.02827249418847267,2.0,3.25,0.031914893617021274,0.18888888888888888,1120286
-0.8389936550639703,16.0,1.4168331668331668,0.03451495222594966,7.5,3.75,0.09201388888888888,0.1884502923976608,1075504
-1.0019045004984921,6.5,1.0487179487179485,0.021469773100037295,2.0,3.0,0.031914893617021274,0.18888888888888888,1120287
-0.9252604035594112,8.75,1.0208333333333333,0.022262527105733395,2.75,4.5,0.07547169811320754,0.1736111111111111,1075505
-0.8795307368689333,16.0,1.8656343656343657,0.04127878090492176,6.25,4.0,0.11440677966101695,0.21861471861471865,1120288
-0.8501368712408905,15.75,1.461788211788212,0.032899652296785514,7.5,4.75,0.11016949152542374,0.17965367965367968,1120289
-0.9099514727764196,9.0,1.0208333333333333,0.021079263190549754,2.75,4.5,0.08018867924528301,0.20138888888888887,1075506
-0.8832887204115099,21.0,1.484848484848485,0.029192579473151403,6.75,4.75,0.078125,0.19311224489795917,1120090
-0.8125502472804765,13.25,1.2250457875457876,0.0290123690597913,7.5,4.75,0.08411502134816924,0.14065065681444994,1120290
-0.8386630894332741,19.75,1.4074404761904762,0.03235333393769441,10.25,6.5,0.08928571428571429,0.2054562803608605,1120091
-0.8832887204115099,21.0,1.484848484848485,0.029192579473151403,6.75,4.75,0.078125,0.19311224489795917,1120092
-0.7907157115918697,7.25,0.8472222222222222,0.02072021755386595,2.0,3.75,0.06147540983606557,0.20175438596491227,1125472
-0.7153233270657513,2.5,1.25,0.042213460726756455,1.0,1.0,0.09722222222222224,0.175,1124089
-0.666570866334111,16.5,2.591666666666667,0.08506586861445328,4.75,2.5,0.11778846153846154,0.2875,1125473
-0.9020234612192914,10.0,1.3972222222222221,0.03047199060351134,2.25,4.5,0.07710040983606557,0.28152412280701755,1125474
-0.9208916627615167,7.75,0.9237179487179487,0.02510070356500679,2.5,3.5,0.03835924713584288,0.11699346405228757,1122726
-0.9528216533007787,9.5,0.9717948717948718,0.022871330115875277,3.5,4.5,0.05374386252045827,0.11615418894830659,1122727
-0.8592384290389269,21.25,1.4395833333333334,0.031484602171515004,11.0,6.75,0.09131014791237596,0.19377228457249515,1122728
-0.9549899456987665,14.75,1.1500000000000001,0.023204997124400335,5.75,4.0,0.05706738437001595,0.16351793144442245,1115795
-0.8325696636459288,12.5,0.9572916666666667,0.02041538893390745,2.0,3.75,0.09782608695652173,0.2533333333333333,1115796
-0.9624314628037636,12.0,1.575,0.03187710101336108,2.5,4.75,0.0791280198446937,0.28923737144585604,1131274
-0.7395294051006664,9.75,1.488095238095238,0.04228338091017812,2.75,4.0,0.10204081632653061,0.19166666666666665,1131275
-0.8647034913376788,20.75,1.915625,0.043035253479712855,7.25,3.75,0.11129032258064517,0.23178868120456908,1115804
-0.8857381422287942,20.25,1.5775641025641027,0.036763002025784954,10.5,5.5,0.0994764397905759,0.19877470355731225,1072310
-0.8608347220749673,8.5,1.3380681818181817,0.03998725967714038,3.25,4.5,0.10377358490566038,0.19444444444444445,1130737
-0.8405852630085651,10.5,1.5321428571428573,0.03593142967290891,3.0,4.0,0.08070696721311475,0.28084059580770104,1131276
-0.8928462274486678,19.75,1.5462797619047617,0.030867626235465278,6.75,5.75,0.08726030191758466,0.22408113730929266,1115805
-0.9922190128963797,11.25,0.9512820512820513,0.02631611003226493,3.0,3.5,0.06923076923076923,0.18465909090909088,1130738
-0.8727083333333334,0.25,0.08333333333333333,0.0023148148148148147,0.0,2.0,0.0,,1131277
-0.7838457389428264,8.666666666666666,1.3222222222222222,0.036438507653803624,5.333333333333333,2.3333333333333335,0.053763440860215055,0.1437348563516788,1115806
-0.949900989889461,10.5,1.073076923076923,0.027588147601990787,3.0,3.75,0.07596153846153847,0.19513146167557932,1130739
-0.8857381422287942,20.25,1.5775641025641027,0.036763002025784954,10.5,5.5,0.0994764397905759,0.19877470355731225,1072311
-0.9209674652600971,11.0,1.073076923076923,0.024351446222874544,3.0,4.25,0.07980769230769232,0.20933600713012476,1130740
-0.9751041438014494,10.5,1.715277777777778,0.030831974394343178,2.5,3.25,0.10326086956521739,0.20982142857142858,1072312
-0.7395294051006664,9.75,1.488095238095238,0.04228338091017812,2.75,4.0,0.10204081632653061,0.19166666666666665,1131278
-0.8006521176087023,10.0,1.225,0.030789696292309682,3.75,3.25,0.0945945945945946,0.2180232558139535,1130741
-0.7572498278303355,11.25,1.7738095238095237,0.04922200680041692,2.75,4.0,0.12755102040816327,0.2333333333333333,1131279
-0.9331869995592555,9.5,0.7782051282051282,0.017496282102280204,2.5,3.5,0.057692307692307696,0.17045454545454541,1130742
-1.01073906443637,6.75,1.0902777777777777,0.01977002749168831,2.0,2.75,0.07608695652173914,0.19047619047619047,1072313
-0.9452710373393503,10.25,1.0880681818181817,0.021689120808135367,3.75,5.5,0.10377358490566038,0.1574074074074074,1130743
-1.0260927533006972,7.25,1.3541666666666667,0.023902336867690725,1.75,2.5,0.07608695652173914,0.22023809523809523,1072314
-0.8347631928305883,22.25,1.362581699346405,0.030875389495102525,12.5,5.75,0.10145108547552004,0.19477818979050507,1122279
-0.8347631928305883,22.25,1.362581699346405,0.030875389495102525,12.5,5.75,0.10145108547552004,0.19477818979050507,1122280
-0.8764755109554887,17.75,1.2708333333333333,0.029123615574173953,7.75,4.75,0.10314685314685315,0.21156832298136646,1122281
-0.8006521176087023,10.0,1.225,0.030789696292309682,3.75,3.25,0.0945945945945946,0.2180232558139535,1134033
-0.7459824803249936,21.0,2.0677447552447554,0.05554974279353782,5.75,2.75,0.11974789915966386,0.2571428571428571,1134034
-0.8792448680351905,10.5,0.9416666666666668,0.025061247794041317,5.0,3.75,0.05333701386332965,0.127108863521907,1122283
-0.7459824803249936,21.0,2.0677447552447554,0.05554974279353782,5.75,2.75,0.11974789915966386,0.2571428571428571,1134035
-0.7447581936627508,21.5,2.1062062937062938,0.0549083954063313,5.75,2.75,0.11764705882352941,0.25357142857142856,1134036
-0.8305756473137892,20.0,1.4264705882352942,0.031346112480910994,11.0,5.0,0.08780316105004995,0.1970917014020462,1122284
-0.8160768921696894,10.25,1.3083333333333333,0.0314139382841767,3.75,3.25,0.09121621621621623,0.18895348837209303,1134037
-0.8208546857339427,19.0,1.529613095238095,0.033944789621907015,6.5,5.5,0.08511088864931465,0.22026447767794327,1115775
-0.8822542573025153,14.0,1.2442307692307693,0.032200407757308334,9.25,5.0,0.06352083053653734,0.15363863849631754,1115776
-0.8208546857339427,19.0,1.529613095238095,0.033944789621907015,6.5,5.5,0.08511088864931465,0.22026447767794327,1115777
-0.9574542092286017,2.5,1.1666666666666667,0.027592619202208245,0.5,2.0,0.041666666666666664,0.15000000000000002,1133001
-0.7063380958841207,8.75,1.3214285714285714,0.035169891384628296,3.0,4.0,0.11734693877551021,0.19166666666666665,1133003
-0.8202212815747816,2.5,1.3333333333333333,0.03307459557459558,0.5,2.0,0.06003584229390681,0.30000000000000004,1133005
-0.7447581936627508,21.5,2.1062062937062938,0.0549083954063313,5.75,2.75,0.11764705882352941,0.25357142857142856,1133004
-0.7470429936153399,14.0,1.5321428571428573,0.03820984170840895,6.0,4.25,0.08557377049180329,0.1858766233766234,1133002
-0.8208546857339427,19.0,1.529613095238095,0.033944789621907015,6.5,5.5,0.08511088864931465,0.22026447767794327,1115778
-0.8749725756570538,11.5,0.8833333333333333,0.018865939915572436,2.25,4.0,0.09649122807017543,0.26881720430107525,1133007
-0.8822542573025153,14.0,1.2442307692307693,0.032200407757308334,9.25,5.0,0.06352083053653734,0.15363863849631754,1115779
-0.6795121473554742,2.5,1.5,0.046444206200303755,1.0,1.75,0.125,0.22499999999999998,1133012
-0.7470429936153399,14.0,1.5321428571428573,0.03820984170840895,6.0,4.25,0.08557377049180329,0.1858766233766234,1133010
-0.868994327817576,10.5,1.685714285714286,0.03683243987784161,2.0,3.75,0.14885954381752703,0.2986842105263158,1133019
-0.7459824803249936,21.0,2.0677447552447554,0.05554974279353782,5.75,2.75,0.11974789915966386,0.2571428571428571,1133018
-0.7646152907350504,15.25,1.8321428571428573,0.04322330724886678,5.5,4.25,0.08791993347588502,0.21288090734235166,1133022
-0.7109747323894879,3.0,1.75,0.04732232351677724,1.0,1.75,0.09722222222222221,0.17500000000000002,1133023
-0.8942305458309425,4.25,2.2083333333333335,0.05009352920311824,1.0,1.75,0.08979774705581156,0.275,1133025
-0.8349492115823343,12.75,1.4194444444444445,0.030301230207975434,3.0,4.25,0.1089591957421644,0.25759013282732446,1133026
-0.7459824803249936,21.0,2.0677447552447554,0.05554974279353782,5.75,2.75,0.11974789915966386,0.2571428571428571,1133027
-0.7459824803249936,21.0,2.0677447552447554,0.05554974279353782,5.75,2.75,0.11974789915966386,0.2571428571428571,1133030
-0.7459824803249936,21.0,2.0677447552447554,0.05554974279353782,5.75,2.75,0.11974789915966386,0.2571428571428571,1133031
-0.8798658452104416,13.25,1.2232142857142856,0.02719302198127902,7.75,3.5,0.08391608391608392,0.17248062015503876,1119537
-0.908638328560941,5.5,1.6666666666666667,0.03338398242021703,0.5,1.5,0.058333333333333334,0.38888888888888884,1119538
-0.8659891291431826,4.0,1.6666666666666667,0.03508578303506112,0.25,1.25,0.025,0.3333333333333333,1119539
-0.848142075758762,11.25,0.9803571428571428,0.023081179876015864,7.25,3.5,0.06818181818181819,0.13372093023255816,1119540
-0.8990197998084752,12.25,1.1190476190476188,0.02704389289514206,7.5,3.25,0.08041958041958043,0.1637596899224806,1119541
-0.9030071516780724,19.5,2.2690972222222223,0.042118186586812933,10.0,3.25,0.08411214953271028,0.20393366146790806,1119546
-0.79446732821569,14.5,1.2651515151515151,0.03576533650982728,4.5,5.0,0.0898876404494382,0.1825,1142920
-0.9030071516780724,19.5,2.2690972222222223,0.042118186586812933,10.0,3.25,0.08411214953271028,0.20393366146790806,1119547
-0.7301365496254137,12.5,1.9652777777777775,0.0598944973944974,4.5,2.75,0.11781609195402298,0.21982758620689657,1142921
-0.8798658452104416,13.25,1.2232142857142856,0.02719302198127902,7.75,3.5,0.08391608391608392,0.17248062015503876,1119548
-0.7484209259557671,8.75,1.5902777777777777,0.05079739980182457,4.0,2.25,0.07916959887403238,0.1722870182555781,1142922
-0.8765188993286939,5.0,0.875,0.021057664983496188,1.5,2.75,0.028089887640449437,0.21999999999999997,1142923
-1.076076419474926,6.25,0.6136363636363636,0.012897270068941966,2.25,4.25,0.05508474576271187,0.12037037037037036,1146720
-0.967755080417418,4.75,0.8409090909090908,0.02001196875919789,1.0,1.75,0.025280898876404494,0.225,1142924
-0.8216342863676167,11.5,1.4548611111111112,0.041093028196884505,4.0,3.75,0.12704918032786885,0.19871794871794873,1146721
-0.8618592166161966,8.5,1.3636363636363638,0.0312749396080952,2.75,4.75,0.0684180790960452,0.1498015873015873,1146722
-0.8463100501031535,5.75,1.3214285714285714,0.03137754977506839,1.75,1.5,0.06875,0.16049382716049385,1142584
-0.8463100501031535,5.75,1.3214285714285714,0.03137754977506839,1.75,1.5,0.06875,0.16049382716049385,1142585
-0.780913090250082,12.5,0.85,0.021556684667326336,2.75,4.0,0.08771929824561403,0.1794871794871795,1142586
-0.8463921519093933,4.75,0.9464285714285714,0.02618694392074572,2.0,1.75,0.06875,0.12037037037037038,1142588
-0.736375595408302,12.75,1.7321428571428572,0.040428870284175106,4.5,5.0,0.064453125,0.18162393162393162,1150146
-0.7993593625647959,12.25,1.56737012987013,0.03524023454946429,5.5,5.25,0.076171875,0.18803418803418803,1150147
-0.7142460062491477,25.5,1.6189903846153846,0.044944396628207324,9.5,5.0,0.12417218543046359,0.20131578947368423,1150148
-0.9010393883300694,11.666666666666666,0.9666666666666667,0.027775318571538008,3.0,3.6666666666666665,0.103859649122807,0.17931275074132216,1153243
-0.7301365496254137,12.5,1.9652777777777775,0.0598944973944974,4.5,2.75,0.11781609195402298,0.21982758620689657,1153244
-0.827433710989798,10.5,0.925,0.027382206381626598,2.5,3.5,0.060526315789473685,0.14704343275771847,1153245
-0.7349484351178166,5.0,1.075,0.03177478173901271,1.0,3.75,0.125,0.22499999999999998,1153246
-0.81842723628863,25.75,1.7186274509803923,0.038344665219650534,12.0,5.5,0.13031914893617022,0.22949883449883451,1153247
-0.8843099561085037,10.25,1.4131944444444444,0.03239347868874807,3.25,3.75,0.10245901639344263,0.1794871794871795,1153248
-0.81842723628863,25.75,1.7186274509803923,0.038344665219650534,12.0,5.5,0.13031914893617022,0.22949883449883451,1153249
-0.7434268339553929,12.0,1.4166666666666667,0.044724027898906074,6.0,4.0,0.08928571428571427,0.2156862745098039,1153250
-0.81842723628863,25.75,1.7186274509803923,0.038344665219650534,12.0,5.5,0.13031914893617022,0.22949883449883451,1153251
-0.7142460062491477,25.5,1.6189903846153846,0.044944396628207324,9.5,5.0,0.12417218543046359,0.20131578947368423,1153252
-0.7348694852918765,15.25,1.240327380952381,0.039254285565582456,8.5,4.25,0.09932306255835668,0.17324505559799677,1153254
-0.81842723628863,25.75,1.7186274509803923,0.038344665219650534,12.0,5.5,0.13031914893617022,0.22949883449883451,1153255
-0.8972572088968502,12.75,1.5151515151515151,0.03322647682554803,4.5,2.5,0.10465116279069768,0.2318181818181818,1144146
-0.9093096024837485,9.0,0.9583333333333333,0.025751330529155205,2.25,4.5,0.047752808988764044,0.18055555555555558,1144147
-0.8546250618995551,10.75,1.231818181818182,0.028674656097256716,4.5,2.5,0.09088506630789929,0.20333333333333337,1144148
-0.8902924580791987,21.25,1.628968253968254,0.03474384420592556,9.5,2.5,0.09462616822429906,0.23589238845144359,1140381
-0.8154791812457693,12.25,1.1742424242424243,0.03215336230643305,3.5,5.75,0.0702247191011236,0.1754166666666667,1153635
-0.7819274577420965,10.75,2.610294117647059,0.06643299201160245,4.0,2.25,0.05542684633192846,0.34426776467652376,1157754
-0.7471507449034038,14.0,1.2273809523809525,0.033100073845050815,6.5,5.25,0.08391608391608392,0.21093749999999997,1153636
-0.7519717624148003,6.0,0.9,0.031360236635876185,3.5,3.0,0.038347273641391295,0.14904813218390803,1153637
-0.81842723628863,25.75,1.7186274509803923,0.038344665219650534,12.0,5.5,0.13031914893617022,0.22949883449883451,1157756
-0.8602012811621507,12.0,1.3096153846153846,0.027905782981946896,4.5,6.0,0.08776595744680851,0.21875,1157757
-0.7432837316319659,18.5,2.2333333333333334,0.06209920537480053,9.0,4.25,0.09294730459706758,0.2716868686868687,1157758
-0.8972572088968502,12.75,1.5151515151515151,0.03322647682554803,4.5,2.5,0.10465116279069768,0.2318181818181818,1144986
-0.7610243765962244,15.0,1.4069940476190477,0.041015360365872944,7.0,3.5,0.09723389355742298,0.21724598930481284,1157378
-0.7404533411645078,17.0,1.5815972222222223,0.04866163696161763,6.5,4.0,0.1159164669884018,0.2478015448603684,1157379
-0.7897650336229847,9.25,1.6515151515151516,0.05113890495469443,3.25,2.0,0.07680665000960984,0.23515151515151517,1144987
-0.8807051261899242,8.75,1.4,0.030173197011985335,1.75,2.0,0.1111111111111111,0.2368421052631579,1144988
-0.7486522948904873,17.75,1.3523809523809525,0.03672910610311533,7.75,5.75,0.09400382226469184,0.20165954968944097,1153314
-0.9895733136780998,5.75,1.1035714285714286,0.023381591978712098,2.0,3.25,0.03723404255319149,0.1826923076923077,1153315
-0.7486522948904873,17.75,1.3523809523809525,0.03672910610311533,7.75,5.75,0.09400382226469184,0.20165954968944097,1153316
-0.9439297290948853,9.25,1.7500000000000002,0.04065955069395436,1.75,3.5,0.056451612903225805,0.2564102564102564,1153840
-0.9439297290948853,9.25,1.7500000000000002,0.04065955069395436,1.75,3.5,0.056451612903225805,0.2564102564102564,1153841
-0.8814414926936054,9.25,1.6458333333333335,0.041206767704586006,2.25,3.5,0.07258064516129031,0.24358974358974356,1153842
-0.8055263862881472,17.5,1.763621794871795,0.042135677448776804,8.5,4.25,0.0925414364640884,0.21294640474029786,1144997
-0.9246330860400083,15.5,1.763621794871795,0.03686960206075019,7.75,4.0,0.08287292817679559,0.20626701542732076,1144998
-0.7665224019552019,13.5,1.3282051282051281,0.03581249870566064,8.75,4.75,0.07576750014239335,0.16983183800931892,1144999
-0.7307665140881336,14.0,1.5348214285714286,0.05061966719693932,6.25,4.75,0.12371134020618557,0.22360248447204967,1144156
-0.9529689555888663,12.25,1.5096153846153846,0.03069340108999853,4.5,3.5,0.068,0.19047619047619047,1144157
-0.9477293841203118,13.25,1.8722222222222222,0.03770479714683002,4.25,2.75,0.1015625,0.2324561403508772,1153692
-0.9761769839487233,2.75,1.1875,0.02412154377880184,0.75,2.25,0.07273391812865497,0.19999999999999998,1170455
-0.7175750604318135,11.5,1.4702380952380953,0.04176325365116315,4.75,4.25,0.08349028548770816,0.23442101886682412,1144159
-0.7646804264943228,20.25,1.4636217948717947,0.039227987143429975,10.5,5.5,0.1047730250042718,0.1842182149911157,1153693
-0.7390933931561225,5.5,1.8333333333333335,0.057777278664616655,1.0,1.0,0.13157894736842105,0.25,1170456
-0.795508677750093,17.0,1.5721153846153846,0.04316438963549073,5.75,4.25,0.09528571428571428,0.23062024182713836,1144160
-0.9899432828066932,6.75,1.273809523809524,0.027372313141773207,3.5,1.75,0.05468750000000001,0.14912280701754385,1153694
-1.0304513041970675,7.0,1.3666666666666667,0.029234807820359837,3.5,1.75,0.05729166666666667,0.15789473684210525,1153695
-1.0173049780509507,9.5,1.8666666666666667,0.03689596040904866,3.5,2.0,0.07291666666666667,0.21052631578947367,1153844
-1.0173049780509507,9.5,1.8666666666666667,0.03689596040904866,3.5,2.0,0.07291666666666667,0.21052631578947367,1153845
-0.8681780452631289,17.5,1.7023809523809526,0.03996666310204165,8.0,3.0,0.10993975903614457,0.24817961165048547,1158066
-0.7838782213613746,16.75,1.183700980392157,0.02907472067556733,8.0,6.0,0.10144927536231885,0.21458333333333332,1153846
-0.8889914770188099,17.0,1.4857142857142858,0.03433092027039613,9.0,3.25,0.1039156626506024,0.19811893203883496,1158067
-0.8739725256065445,11.25,1.3095238095238095,0.029438744104353542,4.75,5.75,0.06910569105691057,0.2256728778467909,1158069
-0.6917052968755666,19.0,1.4775641025641024,0.0412733168731098,8.0,7.75,0.12195121951219512,0.2,1168115
-0.6899197873186922,17.0,1.7604166666666665,0.05146352149793045,7.75,4.0,0.08735977317505318,0.20549181522463963,1168242
-0.9497699235710813,11.25,1.5,0.03251327793996567,3.5,4.5,0.06910569105691057,0.2670807453416149,1158070
-0.8509800205944376,14.25,1.4375,0.03485960257904584,5.75,3.5,0.08127578051087984,0.19356394512928088,1144167
-0.9500049612845722,5.0,0.8141233766233765,0.02040172175409255,1.25,2.5,0.05303030303030303,0.16666666666666666,1168243
-0.6649270814507956,12.0,1.5166666666666666,0.041607025214810626,2.75,4.25,0.10294117647058824,0.19827586206896552,1168117
-1.0498415697273313,8.25,1.4357142857142857,0.03121799445741217,0.5,3.25,0.08736559139784945,0.35128205128205126,1144168
-0.7567074993813652,10.5,1.4166666666666667,0.03627231518211401,2.5,4.0,0.08843537414965988,0.17432950191570884,1168118
-0.6899197873186922,17.0,1.7604166666666665,0.05146352149793045,7.75,4.0,0.08735977317505318,0.20549181522463963,1168244
-0.8806783971912859,4.75,0.8482142857142857,0.018296408495272132,1.5,2.0,0.06202651515151515,0.20287698412698413,1168245
-0.6649270814507956,12.0,1.5166666666666666,0.041607025214810626,2.75,4.25,0.10294117647058824,0.19827586206896552,1168119
-0.811084757024862,13.5,1.6346153846153846,0.044452042922993554,5.5,3.5,0.08434720908230842,0.21571463926273365,1144170
-0.7910594462831448,23.25,1.7426470588235294,0.04425063466242875,9.75,5.0,0.092357910906298,0.21594200914670714,1168246
-0.9405855561933516,8.25,1.2784090909090908,0.027606191884699042,1.25,2.25,0.07433712121212122,0.2175925925925926,1174238
-0.9405855561933516,8.25,1.2784090909090908,0.027606191884699042,1.25,2.25,0.07433712121212122,0.2175925925925926,1174239
-0.7648553652230123,7.0,0.9714285714285713,0.029025952294024583,4.0,3.25,0.045258620689655166,0.1183127572016461,1174240
-0.7648553652230123,7.0,0.9714285714285713,0.029025952294024583,4.0,3.25,0.045258620689655166,0.1183127572016461,1174241
-0.7648553652230123,7.0,0.9714285714285713,0.029025952294024583,4.0,3.25,0.045258620689655166,0.1183127572016461,1174242
-0.859329382499554,7.25,1.125,0.02636056509440708,0.0,2.25,0.0,,1179272
-0.9558090945816291,14.75,1.6494047619047618,0.03897805871474981,6.25,2.75,0.09899328859060402,0.2867383512544803,1161014
-0.7857225355895783,5.0,0.7083333333333334,0.020233150286304326,1.25,2.75,0.04516806722689076,0.15660919540229887,1168508
-0.7976404152855513,18.0,1.1916141456582632,0.02825455237987881,8.0,6.0,0.10144927536231885,0.21458333333333332,1168509
-0.9507038144695243,9.75,1.0208333333333333,0.022481235431210125,4.0,3.5,0.075,0.19433962264150942,1168511
-0.8005007991115791,11.5,1.1983225108225108,0.031505986214237565,5.0,5.25,0.07543103448275863,0.21310993533215755,1152842
-0.7716341541048715,19.5,1.277328431372549,0.030546836199881633,8.5,6.25,0.09963768115942029,0.19374999999999998,1168512
-0.9633988029578789,10.75,1.2920329670329669,0.03292400975842488,6.5,3.0,0.07151486097794822,0.24576261145176098,1152843
-0.836733117641335,13.5,1.1468614718614718,0.026555513580595963,6.25,5.0,0.05839334933760114,0.15665391156462585,1168513
-0.9726797714705218,15.5,1.4797494172494172,0.0337974767232183,7.5,3.5,0.0932019950633402,0.2619801199605408,1152844
-0.653140147654851,15.25,1.441919191919192,0.04191267096438895,6.0,4.0,0.11165048543689321,0.19166666666666665,1168515
-0.8080478341199144,9.25,0.9937770562770563,0.027178641779531172,4.75,5.5,0.0581896551724138,0.17930629041740154,1152845
-0.7335023823023199,10.25,1.099025974025974,0.029729851179573566,3.25,2.5,0.07853302611367127,0.1636029411764706,1168516
-0.7873731821340686,23.0,1.8484848484848486,0.04805613476822453,9.75,3.75,0.10786802030456853,0.22815000000000002,1144483
-1.0210191931662123,10.5,1.40625,0.028844460639973805,3.25,2.75,0.07444444444444445,0.2527569941444372,1144484
-0.921885935863626,16.5,1.5544871794871795,0.034650763629414175,6.5,3.25,0.07867132867132867,0.2347883597883598,1144486
-0.827895988014762,15.25,1.632260101010101,0.03899298252114465,6.25,3.5,0.09873949579831932,0.18619047619047618,1144485
-0.7873731821340686,23.0,1.8484848484848486,0.04805613476822453,9.75,3.75,0.10786802030456853,0.22815000000000002,1144487
-1.0598718896971226,15.75,1.4297494172494172,0.02797449535675867,8.25,3.75,0.09220487138165276,0.18172596551283804,1144488
-0.827895988014762,15.25,1.632260101010101,0.03899298252114465,6.25,3.5,0.09873949579831932,0.18619047619047618,1144491
-0.8110526003213632,28.5,1.6969246031746033,0.03954340351975411,11.0,6.25,0.10368663594470046,0.2204205190782372,1144490
-1.0221782774895969,12.0,1.3229166666666667,0.027108349528862694,4.0,3.5,0.08638888888888889,0.24712101496421596,1144492
-0.7976404152855513,18.0,1.1916141456582632,0.02825455237987881,8.0,6.0,0.10144927536231885,0.21458333333333332,1144494
-0.827895988014762,15.25,1.632260101010101,0.03899298252114465,6.25,3.5,0.09873949579831932,0.18619047619047618,1144495
-0.921885935863626,16.5,1.5544871794871795,0.034650763629414175,6.5,3.25,0.07867132867132867,0.2347883597883598,1144496
-0.9718233705407414,10.75,1.4109848484848486,0.03213903460335022,4.25,5.25,0.0667617319159969,0.27585978835978836,1144499
-1.0488945894025463,15.25,1.4662878787878788,0.029485601049606038,7.5,3.25,0.08948195671242937,0.18237912467039602,1144501
-1.1343522656109029,6.25,0.7597222222222222,0.017015918943642367,0.25,3.5,0.013888888888888888,0.1,1144502
-0.7976404152855513,18.0,1.1916141456582632,0.02825455237987881,8.0,6.0,0.10144927536231885,0.21458333333333332,1144505
-0.653140147654851,15.25,1.441919191919192,0.04191267096438895,6.0,4.0,0.11165048543689321,0.19166666666666665,1144506
-0.8268867856194608,15.25,1.6769029581529582,0.035658468828982236,6.0,3.5,0.09243697478991596,0.17904761904761904,1144507
-0.7716341541048715,19.5,1.277328431372549,0.030546836199881633,8.5,6.25,0.09963768115942029,0.19374999999999998,1144508
-1.0598718896971226,15.75,1.4297494172494172,0.02797449535675867,8.25,3.75,0.09220487138165276,0.18172596551283804,1144509
-1.0221782774895969,12.0,1.3229166666666667,0.027108349528862694,4.0,3.5,0.08638888888888889,0.24712101496421596,1144511
-0.653140147654851,15.25,1.441919191919192,0.04191267096438895,6.0,4.0,0.11165048543689321,0.19166666666666665,1144510
-0.7873731821340686,23.0,1.8484848484848486,0.04805613476822453,9.75,3.75,0.10786802030456853,0.22815000000000002,1144512
-0.653140147654851,15.25,1.441919191919192,0.04191267096438895,6.0,4.0,0.11165048543689321,0.19166666666666665,1144513
-1.0598718896971226,15.75,1.4297494172494172,0.02797449535675867,8.25,3.75,0.09220487138165276,0.18172596551283804,1144514
-0.9508991427415137,14.25,1.5310828877005347,0.03553540061977002,5.25,5.25,0.06799119268896611,0.2648186409550046,1144515
-1.0004527982914306,10.75,1.2604166666666667,0.026656810543912324,3.5,3.25,0.07805555555555556,0.24523422251138577,1144516
-0.7849240537453895,19.25,1.6984848484848487,0.0431266865401751,8.0,3.75,0.08629441624365483,0.21428333333333335,1144517
-0.9508991427415137,14.25,1.5310828877005347,0.03553540061977002,5.25,5.25,0.06799119268896611,0.2648186409550046,1144518
-0.827895988014762,15.25,1.632260101010101,0.03899298252114465,6.25,3.5,0.09873949579831932,0.18619047619047618,1144519
-0.8149073159416461,28.0,1.8080357142857144,0.040544394017689174,10.5,5.5,0.10092165898617511,0.23727044054046767,1144520
-0.7919955329872514,10.0,0.974025974025974,0.025012870047498095,3.0,2.25,0.07258064516129033,0.17647058823529413,1168517
-1.0118120320408925,10.25,1.59375,0.03194942858869175,3.0,3.0,0.07527777777777778,0.2924040338321405,1144521
-0.8111430826763001,16.25,1.212202380952381,0.027787506661614714,7.25,5.25,0.07971014492753624,0.18159722222222222,1144522
-0.8478723686468804,12.5,1.5267045454545454,0.03721866178130667,5.75,3.25,0.08248562582927908,0.19234126984126987,1144523
-0.653140147654851,15.25,1.441919191919192,0.04191267096438895,6.0,4.0,0.11165048543689321,0.19166666666666665,1144524
-0.7978118266156318,11.25,1.1401515151515151,0.02828103222715478,1.0,5.25,0.15384615384615385,0.19999999999999998,1168518
-0.7976404152855513,18.0,1.1916141456582632,0.02825455237987881,8.0,6.0,0.10144927536231885,0.21458333333333332,1144525
-0.859415346841869,15.25,1.3541666666666667,0.03113354044496582,7.75,4.0,0.06303083889290786,0.19785556606748658,1144527
-0.7975597830083834,26.0,1.598366910866911,0.037515476460822504,10.75,5.5,0.0877425519781761,0.19896943101641087,1144526
-0.8782661924477482,13.0,1.7017045454545454,0.03735638256649658,3.25,3.25,0.0946943972835314,0.2545248868778281,1168519
-0.7938249897487004,22.75,1.5403311965811965,0.03638422661621397,10.25,5.5,0.08313425704730051,0.19972035794183443,1144528
-1.0399360555796064,17.0,1.2400974025974025,0.02536894662860122,9.75,5.75,0.07250560783637064,0.16401185554815095,1144529
-0.8801890926622854,23.0,1.1466346153846154,0.026938897441776674,9.5,8.5,0.07073170731707318,0.16282497989815065,1193504
-1.0224485983777782,8.5,1.2847222222222223,0.02974286426183778,1.0,3.0,0.0496031746031746,0.3068376068376068,1193505
-0.9109265580875066,12.25,0.825206043956044,0.02519725731438814,7.0,7.5,0.03780487804878049,0.10732154024836953,1193506
-0.7903225806451613,0.75,0.75,0.025669642857142856,0.0,1.0,0.0,,1196670
-0.5020698924731183,0.25,0.25,0.009259259259259259,0.0,1.0,0.0,,1196672
-0.6580564049898195,1.5,1.5,0.04967532467532467,0.25,1.0,0.019230769230769232,0.2222222222222222,1196673
-0.7091316517180027,5.0,1.6666666666666667,0.05463033096259019,1.0,3.0,0.16666666666666666,0.24999999999999997,1196674
-0.726722094913528,1.25,1.25,0.037142857142857144,0.25,1.0,0.019230769230769232,0.2222222222222222,1196675
-0.7121285529715763,1.0,1.0,0.03748020947509438,0.0,1.0,0.0,,1199226
-0.7091316517180027,5.0,1.6666666666666667,0.05463033096259019,1.0,3.0,0.16666666666666666,0.24999999999999997,1199227
-0.6000234082397004,2.0,1.0,0.07707509881422925,1.0,1.5,0.11764705882352941,0.2,1199229
-0.7091316517180027,5.0,1.6666666666666667,0.05463033096259019,1.0,3.0,0.16666666666666666,0.24999999999999997,1199230
-0.8954306194162788,5.0,1.0,0.03217190126561176,2.5,3.25,0.05864197530864197,0.20390070921985815,1198487
-0.8627266178838497,16.0,1.7033279220779218,0.03669628082881251,6.25,6.25,0.083984375,0.23238416988416993,1198488
-0.9182608998792365,13.0,0.9430555555555555,0.022045586591494724,4.666666666666667,6.666666666666667,0.06382978723404255,0.11290322580645161,1193497
-0.7141369019149109,9.5,0.9615384615384616,0.026358554113513954,2.0,5.75,0.052884615384615384,0.13333333333333333,1193498
-0.9242708617251644,2.5,1.0833333333333333,0.030480214438235426,1.75,1.0,0.017857142857142856,0.13719512195121952,1193499
-0.4935175504107543,5.0,1.6666666666666667,0.07735893668406209,2.0,2.0,0.13333333333333333,0.2333333333333333,1206059
-0.5797393367340966,5.25,1.5416666666666667,0.05371251567047442,2.75,2.0,0.10714285714285715,0.19196428571428573,1206060
-0.8487892486895279,2.0,1.5,0.04588866609690355,0.0,1.5,0.0,,1206062
-0.6957746902694502,5.0,1.4583333333333335,0.045647999541442164,2.25,1.75,0.10204081632653061,0.2380952380952381,1206063
-0.6300310996721512,2.0,1.75,0.05943396226415094,0.0,1.25,0.0,,1206064
-0.9256956542046363,11.0,1.415625,0.03395524132269341,3.75,5.0,0.05977710233029382,0.18071400472069235,1187021
-0.9541357706953535,10.0,0.9156249999999999,0.019462487699505007,3.75,5.0,0.05184059439378588,0.12583595594020455,1187022
-0.931144615262064,16.75,1.305239898989899,0.025743496540487763,7.25,4.5,0.05805687203791469,0.15426997245179064,1187023
-0.6365753846451464,6.75,1.4,0.04962016109889088,2.75,3.0,0.10975609756097561,0.17592592592592593,1211169
-0.6638616859626534,5.25,1.3333333333333333,0.05030863557090417,3.0,2.75,0.11,0.19642857142857142,1211170
-0.8701285238423708,10.75,1.3777777777777775,0.03466446184017544,4.25,3.75,0.05264550264550264,0.18122177055103886,1203673
-0.6365753846451464,6.75,1.4,0.04962016109889088,2.75,3.0,0.10975609756097561,0.17592592592592593,1211171
-0.6300310996721512,2.0,1.75,0.05943396226415094,0.0,1.25,0.0,,1211173
-0.9283071003010966,8.5,1.1,0.03084507350247924,3.75,3.0,0.04365079365079365,0.15605239385727193,1203674
-0.9031208198842141,22.0,1.9802083333333333,0.03971029463862884,8.25,6.25,0.08223684210526315,0.2618152524167562,1187027
-0.9031208198842141,22.0,1.9802083333333333,0.03971029463862884,8.25,6.25,0.08223684210526315,0.2618152524167562,1187028
-0.8548027249470115,23.0,1.4885732323232324,0.03074282907285994,9.25,6.25,0.08163618885808817,0.19155690426997246,1187029
-0.9188538115705747,8.333333333333334,1.1884920634920635,0.026784265223318882,2.6666666666666665,5.0,0.0547945205479452,0.1388888888888889,1185310
-0.8826148192884393,9.25,1.5640151515151515,0.03601114565067219,6.25,6.75,0.06395348837209301,0.2698297342192691,1187682
-0.6418960633911918,7.0,1.7750000000000001,0.05783253695832556,2.75,2.5,0.1175609756097561,0.22793538219070136,1215123
-0.5752663679362708,6.0,1.8125,0.07208170251304656,2.25,2.0,0.11666666666666667,0.225,1215124
-0.9083737607518497,13.0,1.544128787878788,0.02865137387667675,5.5,5.25,0.05212685997865,0.20668697783913909,1187683
-1.0065419383811571,10.5,0.9868697478991597,0.02429054941745619,6.75,6.0,0.04579207920792079,0.1571417493796526,1185312
-0.6365753846451464,6.75,1.4,0.04962016109889088,2.75,3.0,0.10975609756097561,0.17592592592592593,1215125
-0.6550221610710709,10.25,1.5783730158730158,0.05700279141590117,4.0,4.75,0.08888888888888888,0.1975,1215126
-0.8826148192884393,9.25,1.5640151515151515,0.03601114565067219,6.25,6.75,0.06395348837209301,0.2698297342192691,1187684
-0.6928000256397929,5.666666666666667,1.888888888888889,0.05271926429183659,1.0,2.0,0.15,0.3,1215127
-0.9364029295199937,8.0,1.1888888888888889,0.025742235237272905,2.75,5.0,0.06172839506172839,0.20168439716312056,1213871
-0.8679260352056085,17.0,1.2166666666666666,0.02829174024077613,7.0,6.5,0.07528021442495127,0.17314814814814813,1213872
-0.903802455810437,20.5,1.7927083333333333,0.03572047407272132,7.25,6.0,0.07346491228070175,0.2738990332975295,1185319
-0.7834390729413551,2.3333333333333335,0.5333333333333333,0.01677170868347339,0.6666666666666666,2.3333333333333335,0.07692307692307693,0.15000000000000002,1214667
-0.8679260352056085,17.0,1.2166666666666666,0.02829174024077613,7.0,6.5,0.07528021442495127,0.17314814814814813,1213873
-0.8460827060665606,2.5,1.15,0.02843023078796736,0.5,2.0,0.057692307692307696,0.15000000000000002,1214668
-0.9134050645602838,8.0,1.474702380952381,0.03443246121257113,2.75,4.25,0.06075881175927351,0.1645114942528736,1185320
-0.8348604826546004,5.25,1.3020833333333335,0.032844420673289125,2.0,2.75,0.042810305405089656,0.15373563218390807,1185321
-0.8012429632438303,14.5,1.5779040404040405,0.0385278008807602,6.75,8.25,0.0872093023255814,0.1929647387496225,1183537
-0.7304301075268818,1.25,1.25,0.034809206701548544,1.0,1.0,0.09999999999999999,0.21428571428571425,1198247
-0.6764486260454002,2.5,2.5,0.07513178734670983,1.0,1.0,0.14310344827586208,0.361344537815126,1198248
-1.1234400213412756,2.5,1.625,0.031218811787967236,0.0,1.0,0.0,,1198249
-0.75,1.6666666666666667,1.6666666666666667,0.036063691724069084,0.6666666666666666,1.0,0.1111111111111111,0.3571428571428571,1198238
-0.8739774871247555,9.75,1.4589285714285714,0.029364549119478636,2.75,4.0,0.12222222222222222,0.21120689655172414,1198239
-0.8739774871247555,9.75,1.4589285714285714,0.029364549119478636,2.75,4.0,0.12222222222222222,0.21120689655172414,1198240
-0.8694700460829492,1.5,1.5,0.03010204081632653,1.0,1.0,0.08333333333333334,0.15,1233462
-0.9771487713173327,7.0,1.005952380952381,0.017061463420319087,3.25,2.75,0.12037037037037035,0.2107843137254902,1223955
-0.9771487713173327,7.0,1.005952380952381,0.017061463420319087,3.25,2.75,0.12037037037037035,0.2107843137254902,1223956
