country,win_ratio,effective_win_by_runs,effective_win_by_wickets,matches_played,win_count,match_id
South Africa,0.6428571428571429,265,30,28,18,298805
Zimbabwe,0.14285714285714285,-108,-24,7,1,325800
Pakistan,0.3333333333333333,-126,-27,15,5,325801
West Indies,0.5,-135,6,16,8,298806
Zimbabwe,0.14285714285714285,-108,-24,7,1,325802
South Africa,0.6428571428571429,265,30,28,18,298807
Pakistan,0.3333333333333333,-126,-27,15,5,325803
South Africa,0.6428571428571429,265,30,28,18,298808
Pakistan,0.3333333333333333,-126,-27,15,5,325804
Sri Lanka,0.6842105263157895,783,-6,19,13,291361
New Zealand,0.65,-19,46,20,13,300437
India,0.5,-34,12,28,14,291362
Sri Lanka,0.6842105263157895,783,-6,19,13,291364
India,0.5,-34,12,28,14,291365
India,0.5,-34,12,28,14,291366
India,0.5,-34,12,28,14,291368
India,0.5,-34,12,28,14,291369
Australia,0.7272727272727273,1088,34,22,16,291370
India,0.5,-34,12,28,14,291371
Australia,0.7272727272727273,1088,34,22,16,291372
South Africa,0.6428571428571429,265,30,28,18,323949
South Africa,0.6428571428571429,265,30,28,18,323950
South Africa,0.6428571428571429,265,30,28,18,323951
West Indies,0.38461538461538464,101,-14,13,5,319134
Bangladesh,0.14285714285714285,-261,-44,14,2,343761
Pakistan,0.6,92,11,15,9,343762
Bangladesh,0.14285714285714285,-261,-44,14,2,343763
Bangladesh,0.0,-282,-51,11,0,345468
Pakistan,0.6,92,11,15,9,345469
India,0.5185185185185185,-322,20,27,14,345470
India,0.5185185185185185,-322,20,27,14,345471
New Zealand,0.5,-114,15,8,4,296904
England,0.5,-99,7,14,7,296906
West Indies,0.45454545454545453,69,-12,11,5,319143
New Zealand,0.5,-114,15,8,4,296907
Bangladesh,0.0,-282,-51,11,0,335348
India,0.5185185185185185,-322,20,27,14,335351
England,0.5,-99,7,14,7,296908
India,0.5185185185185185,-322,20,27,14,335352
Pakistan,0.65,195,18,20,13,335353
Australia,0.625,492,3,16,10,319145
Bangladesh,0.0,-282,-51,11,0,335354
Pakistan,0.65,195,18,20,13,335355
India,0.5185185185185185,-322,20,27,14,335356
Pakistan,0.65,195,18,20,13,335357
West Indies,0.45454545454545453,69,-12,11,5,319146
West Indies,0.45454545454545453,69,-12,11,5,319147
India,0.5185185185185185,-322,20,27,14,335358
Sri Lanka,0.46153846153846156,92,-10,13,6,343732
India,0.5454545454545454,-51,30,33,18,343733
South Africa,0.8333333333333334,148,55,18,15,296914
Sri Lanka,0.46153846153846156,92,-10,13,6,343734
England,0.42857142857142855,-87,6,14,6,296915
Sri Lanka,0.47368421052631576,545,-16,19,9,366341
South Africa,0.8333333333333334,148,55,18,15,296916
Bangladesh,0.06666666666666667,-436,-70,15,1,336201
Australia,0.7,746,10,20,14,336202
Bangladesh,0.06666666666666667,-436,-70,15,1,336204
Bangladesh,0.05555555555555555,-689,-78,18,1,350348
Pakistan,0.7777777777777778,391,32,18,14,374059
England,0.5,187,3,8,4,361043
West Indies,0.25,-260,-19,12,3,374060
England,0.5,187,3,8,4,361044
Sri Lanka,0.4375,338,-11,16,7,375456
Sri Lanka,0.4375,338,-11,16,7,375457
Zimbabwe,0.125,-221,-24,8,1,375460
India,0.6818181818181818,260,39,22,15,361047
Zimbabwe,0.125,-221,-24,8,1,375462
New Zealand,0.8,-41,7,5,4,366711
Bangladesh,0.058823529411764705,-750,-62,17,1,378753
Bangladesh,0.058823529411764705,-750,-62,17,1,378755
South Africa,0.75,160,31,12,9,351684
South Africa,0.75,160,31,12,9,351685
Pakistan,0.8333333333333334,384,42,18,15,385749
Pakistan,0.8333333333333334,384,42,18,15,385750
Bangladesh,0.058823529411764705,-750,-62,17,1,378759
South Africa,0.75,160,31,12,9,351686
Pakistan,0.8333333333333334,384,42,18,15,385751
South Africa,0.75,160,31,12,9,351687
India,0.7391304347826086,503,39,23,17,386530
Australia,0.7333333333333333,744,4,15,11,351688
Sri Lanka,0.5,362,-9,22,11,386531
Zimbabwe,0.1,-9,-34,10,1,385025
New Zealand,0.8,-41,7,5,4,351689
Sri Lanka,0.5,362,-9,22,11,386532
Sri Lanka,0.5,362,-9,22,11,386533
New Zealand,0.8,-41,7,5,4,351690
New Zealand,0.8,-41,7,5,4,351691
India,0.7391304347826086,503,39,23,17,386534
Australia,0.7333333333333333,744,4,15,11,351692
New Zealand,0.6666666666666666,-73,10,9,6,366627
New Zealand,0.6666666666666666,-73,10,9,6,366625
England,0.4,-25,3,10,4,352666
Ireland,0.0,-156,0,1,0,390204
West Indies,0.125,-278,-17,8,1,352669
South Africa,0.6,108,4,10,6,350477
South Africa,0.6,108,4,10,6,350478
Australia,0.625,505,-1,16,10,350479
Australia,0.625,505,-1,16,10,350480
South Africa,0.6,108,4,10,6,350481
Pakistan,0.6153846153846154,-293,24,13,8,392616
Australia,0.625,505,-1,16,10,392617
Pakistan,0.6153846153846154,-293,24,13,8,392618
Australia,0.625,505,-1,16,10,392619
Pakistan,0.6153846153846154,-293,24,13,8,392620
England,0.4166666666666667,-20,3,12,5,380715
West Indies,0.1111111111111111,-283,-18,9,1,380716
West Indies,0.1111111111111111,-283,-18,9,1,377313
West Indies,0.1111111111111111,-283,-18,9,1,377314
West Indies,0.2222222222222222,-107,-9,9,2,401073
Bangladesh,0.2857142857142857,-352,3,7,2,401074
Pakistan,0.5,-366,9,10,5,403370
Bangladesh,0.2857142857142857,-352,3,7,2,401075
Sri Lanka,0.47058823529411764,147,1,17,8,403371
Sri Lanka,0.47058823529411764,147,1,17,8,403372
Sri Lanka,0.47058823529411764,147,1,17,8,403373
Bangladesh,0.2857142857142857,-352,3,7,2,410337
Sri Lanka,0.47058823529411764,147,1,17,8,403374
Zimbabwe,0.375,170,-17,8,3,410338
Bangladesh,0.2857142857142857,-352,3,7,2,410339
Bangladesh,0.2857142857142857,-352,3,7,2,410340
Bangladesh,0.2857142857142857,-352,3,7,2,410341
Canada,1.0,148,0,1,1,415162
England,0.42857142857142855,-149,0,7,3,350043
England,0.42857142857142855,-149,0,7,3,350044
New Zealand,0.5714285714285714,-90,17,7,4,403380
Australia,0.45,200,-20,20,9,350045
India,0.75,451,-4,12,9,403382
Australia,0.45,200,-20,20,9,350046
India,0.75,451,-4,12,9,403381
Sri Lanka,0.47058823529411764,147,1,17,8,403383
Australia,0.45,200,-20,20,9,350047
England,0.42857142857142855,-149,0,7,3,350048
England,0.42857142857142855,-149,0,7,3,350049
Pakistan,0.5,-366,9,10,5,415274
South Africa,0.75,152,21,12,9,415275
England,0.42857142857142855,-149,0,7,3,415276
West Indies,0.2222222222222222,-107,-9,9,2,415277
India,0.75,451,-4,12,9,415278
South Africa,0.75,152,21,12,9,415280
Sri Lanka,0.47058823529411764,147,1,17,8,415279
New Zealand,0.5714285714285714,-90,17,7,4,415282
India,0.75,451,-4,12,9,415284
Australia,0.45,200,-20,20,9,415283
Australia,0.45,200,-20,20,9,415285
New Zealand,0.5714285714285714,-90,17,7,4,415286
Australia,0.45,200,-20,20,9,415287
India,0.75,451,-4,12,9,416236
Zimbabwe,0.25,34,-34,12,3,422626
Australia,0.45,200,-20,20,9,416237
Bangladesh,0.75,-67,34,12,9,422627
India,0.75,451,-4,12,9,416238
Bangladesh,0.75,-67,34,12,9,422628
India,0.75,451,-4,12,9,416239
Bangladesh,0.75,-67,34,12,9,422629
New Zealand,0.5714285714285714,-90,17,7,4,426720
India,0.75,451,-4,12,9,416240
Bangladesh,0.75,-67,34,12,9,422630
Pakistan,0.5,-70,0,18,9,426721
Australia,0.5882352941176471,260,4,34,20,416241
Zimbabwe,0.25,34,-34,12,3,430508
Pakistan,0.5,-70,0,18,9,426722
Zimbabwe,0.25,34,-34,12,3,430509
England,0.375,-69,-20,16,6,387566
England,0.375,-69,-20,16,6,387567
England,0.375,-69,-20,16,6,387568
Sri Lanka,0.42105263157894735,112,-13,19,8,430886
Sri Lanka,0.42105263157894735,112,-13,19,8,430887
India,0.55,160,3,20,11,430888
India,0.55,160,3,20,11,430889
Sri Lanka,0.42105263157894735,112,-13,19,8,434258
Sri Lanka,0.42105263157894735,112,-13,19,8,434259
India,0.55,160,3,20,11,434260
Sri Lanka,0.42105263157894735,112,-13,19,8,434261
India,0.55,160,3,20,11,434262
India,0.55,160,3,20,11,434263
Sri Lanka,0.42105263157894735,112,-13,19,8,434264
Australia,0.6176470588235294,258,13,34,21,406202
Pakistan,0.3888888888888889,102,-17,18,7,406203
Pakistan,0.3888888888888889,102,-17,18,7,406204
Pakistan,0.3888888888888889,102,-17,18,7,406205
Australia,0.6176470588235294,258,13,34,21,406206
Bangladesh,0.8125,-6,47,16,13,423783
West Indies,0.16666666666666666,-185,-16,12,2,406192
New Zealand,0.4666666666666667,-216,0,15,7,423784
Australia,0.6176470588235294,258,13,34,21,406193
New Zealand,0.4666666666666667,-216,0,15,7,423785
West Indies,0.16666666666666666,-185,-16,12,2,406195
West Indies,0.16666666666666666,-185,-16,12,2,406196
South Africa,0.5833333333333334,245,-2,12,7,441827
South Africa,0.5833333333333334,245,-2,12,7,441828
India,0.5416666666666666,2,19,24,13,441829
England,0.4444444444444444,-181,0,18,8,426420
England,0.4444444444444444,-181,0,18,8,426421
New Zealand,0.4666666666666667,-216,0,15,7,423791
West Indies,0.16666666666666666,-185,-16,12,2,439140
Bangladesh,0.5,-114,-8,22,11,426422
West Indies,0.16666666666666666,-185,-16,12,2,439141
Australia,0.6176470588235294,258,13,34,21,423793
Zimbabwe,0.16666666666666666,-237,-30,12,2,439142
West Indies,0.16666666666666666,-185,-16,12,2,439143
Australia,0.6176470588235294,258,13,34,21,423795
West Indies,0.16666666666666666,-185,-16,12,2,439144
West Indies,0.2631578947368421,-329,-12,19,5,439148
West Indies,0.2631578947368421,-329,-12,19,5,439149
Zimbabwe,0.17647058823529413,-376,-42,17,3,452146
South Africa,0.5,283,-9,10,5,439150
India,0.56,8,27,25,14,452147
Sri Lanka,0.5263157894736842,-93,12,19,10,452148
South Africa,0.5,283,-9,10,5,439151
Zimbabwe,0.17647058823529413,-376,-42,17,3,452149
Sri Lanka,0.5263157894736842,-93,12,19,10,452150
Zimbabwe,0.17647058823529413,-376,-42,17,3,452151
Sri Lanka,0.5263157894736842,-93,12,19,10,452152
Pakistan,0.29411764705882354,48,-21,17,5,455231
India,0.56,8,27,25,14,455232
Bangladesh,0.4782608695652174,-159,-8,23,11,455233
India,0.56,8,27,25,14,455234
Bangladesh,0.4782608695652174,-159,-8,23,11,455235
Sri Lanka,0.5263157894736842,-93,12,19,10,455236
England,0.47058823529411764,-199,2,17,8,426387
England,0.47058823529411764,-199,2,17,8,426388
Sri Lanka,0.5263157894736842,-93,12,19,10,455237
England,0.47058823529411764,-199,2,17,8,426389
England,0.47058823529411764,-199,2,17,8,426390
England,0.47058823529411764,-199,2,17,8,426391
Ireland,0.0,0,0,0,0,450379
England,0.47058823529411764,-199,2,17,8,426403
England,0.47058823529411764,-199,2,17,8,426404
Bangladesh,0.4782608695652174,-159,-8,23,11,426405
India,0.5483870967741935,69,25,31,17,456662
Sri Lanka,0.5652173913043478,210,16,23,13,456664
India,0.5483870967741935,69,25,31,17,456663
Scotland,0.0,0,0,0,0,450501
Sri Lanka,0.5652173913043478,210,16,23,13,456666
New Zealand,0.625,71,-4,16,10,456665
India,0.5483870967741935,69,25,31,17,456668
Pakistan,0.26666666666666666,-71,-12,15,4,426428
England,0.5909090909090909,-137,23,22,13,426429
England,0.5909090909090909,-137,23,22,13,426430
England,0.5909090909090909,-137,23,22,13,426431
Pakistan,0.26666666666666666,-71,-12,15,4,426432
Bangladesh,0.23809523809523808,-595,-43,21,5,476598
New Zealand,0.6666666666666666,225,1,12,8,476599
Zimbabwe,0.29411764705882354,-396,-22,17,5,463143
South Africa,0.6666666666666666,389,-6,12,8,463144
New Zealand,0.6666666666666666,225,1,12,8,476600
India,0.5161290322580645,47,10,31,16,464529
Zimbabwe,0.29411764705882354,-396,-22,17,5,463145
South Africa,0.6666666666666666,389,-6,12,8,461566
Pakistan,0.26666666666666666,-71,-12,15,4,461567
Pakistan,0.26666666666666666,-71,-12,15,4,461568
Sri Lanka,0.6363636363636364,132,27,22,14,446957
Pakistan,0.26666666666666666,-71,-12,15,4,461569
Australia,0.7083333333333334,643,10,24,17,446959
Pakistan,0.26666666666666666,-71,-12,15,4,461570
New Zealand,0.6666666666666666,225,1,12,8,467883
Bangladesh,0.23809523809523808,-595,-43,21,5,486520
India,0.5161290322580645,47,10,31,16,467884
Bangladesh,0.23809523809523808,-595,-43,21,5,486522
India,0.5161290322580645,47,10,31,16,467885
Zimbabwe,0.29411764705882354,-396,-22,17,5,486523
India,0.5161290322580645,47,10,31,16,467886
India,0.5161290322580645,47,10,31,16,467887
Bangladesh,0.2727272727272727,-527,-43,22,6,486526
India,0.6086956521739131,16,19,23,14,463150
South Africa,0.7333333333333333,415,22,15,11,463151
Australia,0.6666666666666666,711,12,21,14,446962
India,0.6086956521739131,16,19,23,14,463152
England,0.6875,148,27,16,11,446963
New Zealand,0.35294117647058826,240,-36,17,6,473923
Australia,0.6666666666666666,711,12,21,14,446964
Australia,0.6666666666666666,711,12,21,14,446965
New Zealand,0.35294117647058826,240,-36,17,6,473925
England,0.6875,148,27,16,11,446966
Pakistan,0.2777777777777778,-335,-20,18,5,473926
Australia,0.6666666666666666,711,12,21,14,446967
New Zealand,0.35294117647058826,240,-36,17,6,473927
Pakistan,0.2777777777777778,-335,-20,18,5,473928
England,0.6875,148,27,16,11,446968
West Indies,0.3076923076923077,-233,-4,13,4,464992
Bangladesh,0.4375,-381,-1,16,7,433558
Canada,0.0,0,-5,1,0,433560
Zimbabwe,0.29411764705882354,-531,-29,17,5,433561
England,0.6875,148,27,16,11,433562
Kenya,0.0,0,0,0,0,433563
South Africa,0.7333333333333333,415,22,15,11,433564
Australia,0.6666666666666666,711,12,21,14,433565
Ireland,0.6666666666666666,-39,14,3,2,433566
Sri Lanka,0.6666666666666666,135,14,15,10,433567
Netherlands,0.0,0,-9,1,0,433569
Canada,0.0,0,-5,1,0,433570
Sri Lanka,0.6666666666666666,135,14,15,10,433571
Ireland,0.6666666666666666,-39,14,3,2,433572
Netherlands,0.0,0,-9,1,0,433573
Canada,0.0,0,-5,1,0,433574
West Indies,0.3076923076923077,-233,-4,13,4,433576
New Zealand,0.35294117647058826,240,-36,17,6,433575
India,0.6086956521739131,16,19,23,14,433578
South Africa,0.7333333333333333,415,22,15,11,433579
Canada,0.0,0,-5,1,0,433580
Pakistan,0.2777777777777778,-335,-20,18,5,433581
India,0.6086956521739131,16,19,23,14,433582
Zimbabwe,0.29411764705882354,-531,-29,17,5,433583
Ireland,0.6666666666666666,-39,14,3,2,433584
Bangladesh,0.4375,-381,-1,16,7,433585
South Africa,0.7333333333333333,415,22,15,11,433586
Kenya,0.0,0,0,0,0,433588
Canada,0.0,0,-5,1,0,433587
Bangladesh,0.4375,-381,-1,16,7,433590
Ireland,0.6666666666666666,-39,14,3,2,433591
Australia,0.6666666666666666,711,12,21,14,433592
West Indies,0.3076923076923077,-233,-4,13,4,433593
New Zealand,0.35294117647058826,240,-36,17,6,433594
Ireland,0.6666666666666666,-39,14,3,2,433595
Bangladesh,0.4375,-381,-1,16,7,433597
Pakistan,0.2777777777777778,-335,-20,18,5,433596
Kenya,0.0,0,0,0,0,433598
West Indies,0.3076923076923077,-233,-4,13,4,433599
Pakistan,0.5217391304347826,159,-16,23,12,433600
India,0.6538461538461539,-95,32,26,17,433601
South Africa,0.7368421052631579,838,30,19,14,433602
Sri Lanka,0.6666666666666666,135,14,15,10,433603
Sri Lanka,0.6666666666666666,135,14,15,10,433604
Pakistan,0.5217391304347826,159,-16,23,12,433605
India,0.6538461538461539,-95,32,26,17,433606
Bangladesh,0.4375,-381,-1,16,7,503363
Australia,0.7,443,19,20,14,503364
Bangladesh,0.4375,-381,-1,16,7,503365
Pakistan,0.5217391304347826,159,-16,23,12,489213
Pakistan,0.5217391304347826,159,-16,23,12,489214
Pakistan,0.5217391304347826,159,-16,23,12,489215
West Indies,0.25,51,-16,12,3,489217
India,0.7692307692307693,14,55,26,20,489221
India,0.7692307692307693,14,55,26,20,489223
India,0.7692307692307693,14,55,26,20,489224
West Indies,0.25,51,-16,12,3,489225
England,0.4090909090909091,72,-11,22,9,474468
Sri Lanka,0.7333333333333333,550,16,15,11,474469
Sri Lanka,0.7333333333333333,550,16,15,11,474471
Australia,0.7368421052631579,410,28,19,14,516206
Zimbabwe,0.25,-286,-30,12,3,522246
Zimbabwe,0.25,-286,-30,12,3,522247
Australia,0.7368421052631579,410,28,19,14,516207
Australia,0.7368421052631579,410,28,19,14,516208
Bangladesh,0.5625,-324,9,16,9,522248
Bangladesh,0.5625,-324,9,16,9,522249
Australia,0.7368421052631579,410,28,19,14,516209
Zimbabwe,0.25,-286,-30,12,3,522250
Sri Lanka,0.7333333333333333,550,16,15,11,516210
England,0.38095238095238093,-78,-23,21,8,474478
Zimbabwe,0.25,-286,-30,12,3,523732
Pakistan,0.5769230769230769,7,5,26,15,523733
Zimbabwe,0.25,-286,-30,12,3,523734
Canada,0.16666666666666666,-528,-2,6,1,523804
Canada,0.16666666666666666,-528,-2,6,1,523805
Bangladesh,0.5,-236,-3,20,10,531983
England,0.38095238095238093,-78,-23,21,8,521218
West Indies,0.375,238,-16,16,6,531984
India,0.8095238095238095,-1,55,21,17,521219
Bangladesh,0.5,-236,-3,20,10,531985
India,0.8095238095238095,-1,55,21,17,521220
New Zealand,0.3888888888888889,77,-15,18,7,527014
New Zealand,0.3888888888888889,77,-15,18,7,527015
India,0.8095238095238095,-1,55,21,17,521221
Australia,0.7391304347826086,332,49,23,17,514026
England,0.38095238095238093,-78,-23,21,8,521222
Zimbabwe,0.3333333333333333,-343,-27,18,6,527016
Australia,0.7391304347826086,332,49,23,17,514027
Pakistan,0.7368421052631579,183,25,19,14,530427
Pakistan,0.7368421052631579,183,25,19,14,530428
Sri Lanka,0.6470588235294118,607,8,17,11,530429
Sri Lanka,0.6470588235294118,607,8,17,11,530430
Pakistan,0.7368421052631579,183,25,19,14,530431
India,0.8,180,62,25,20,536929
Pakistan,0.7368421052631579,183,25,19,14,538069
India,0.8,180,62,25,20,536930
Bangladesh,0.5,-236,-3,20,10,538070
India,0.8,180,62,25,20,536931
Bangladesh,0.5,-236,-3,20,10,538071
West Indies,0.375,238,-16,16,6,536932
West Indies,0.375,238,-16,16,6,536933
Sri Lanka,0.6470588235294118,607,8,17,11,514035
South Africa,0.5833333333333334,727,5,12,7,514036
Sri Lanka,0.5217391304347826,327,-3,23,12,514038
Sri Lanka,0.5217391304347826,327,-3,23,12,514039
Zimbabwe,0.375,-15,-27,16,6,520592
Zimbabwe,0.375,-15,-27,16,6,520593
India,0.782608695652174,485,36,23,18,518957
Zimbabwe,0.375,-15,-27,16,6,520594
Sri Lanka,0.5217391304347826,327,-3,23,12,518958
India,0.782608695652174,485,36,23,18,518959
Pakistan,0.8181818181818182,312,48,22,18,531631
Pakistan,0.8181818181818182,312,48,22,18,531632
England,0.3333333333333333,-250,-27,15,5,531633
Kenya,0.0,-426,-24,6,0,543881
India,0.782608695652174,485,36,23,18,518962
Kenya,0.0,-426,-24,6,0,543882
England,0.3333333333333333,-250,-27,15,5,531634
India,0.782608695652174,485,36,23,18,518963
Sri Lanka,0.5217391304347826,327,-3,23,12,518964
South Africa,0.5833333333333334,727,5,12,7,520600
India,0.782608695652174,485,36,23,18,518965
India,0.782608695652174,485,36,23,18,518966
South Africa,0.5833333333333334,727,5,12,7,520601
Australia,0.6875,119,33,16,11,518967
South Africa,0.5833333333333334,727,5,12,7,520602
Sri Lanka,0.5217391304347826,327,-3,23,12,518968
Sri Lanka,0.5217391304347826,327,-3,23,12,518969
Sri Lanka,0.5217391304347826,327,-3,23,12,518970
Bangladesh,0.29411764705882354,-418,-11,17,5,535794
Sri Lanka,0.5217391304347826,327,-3,23,12,535795
Pakistan,0.8181818181818182,312,48,22,18,535796
West Indies,0.3157894736842105,-126,-24,19,6,540168
Bangladesh,0.29411764705882354,-418,-11,17,5,535797
India,0.782608695652174,485,36,23,18,535798
Bangladesh,0.29411764705882354,-418,-11,17,5,535800
Australia,0.6875,119,33,16,11,540171
West Indies,0.3157894736842105,-126,-24,19,6,540172
Pakistan,0.7,62,20,20,14,562440
Pakistan,0.7,62,20,20,14,562442
Sri Lanka,0.39285714285714285,-175,-25,28,11,562443
England,0.46153846153846156,-124,-5,13,6,534210
Australia,0.5789473684210527,118,4,19,11,534215
England,0.46153846153846156,-124,-5,13,6,534216
Afghanistan,0.0,0,-16,2,0,555892
England,0.46153846153846156,-124,-5,13,6,534218
New Zealand,0.5555555555555556,433,-5,9,5,560924
West Indies,0.36363636363636365,-183,-6,11,4,560925
New Zealand,0.5555555555555556,433,-5,9,5,560926
New Zealand,0.5555555555555556,433,-5,9,5,560927
Sri Lanka,0.39285714285714285,-175,-25,28,11,564781
Sri Lanka,0.39285714285714285,-175,-25,28,11,564782
India,0.7,194,34,20,14,564783
India,0.7,194,34,20,14,564784
Sri Lanka,0.39285714285714285,-175,-25,28,11,564785
Afghanistan,0.0,0,-16,2,0,571947
England,0.6428571428571429,-56,23,14,9,534229
Australia,0.5789473684210527,118,4,19,11,571145
England,0.6428571428571429,-56,23,14,9,534230
Pakistan,0.6086956521739131,-58,18,23,14,571146
England,0.6428571428571429,-56,23,14,9,534231
Australia,0.5263157894736842,247,-22,19,10,571147
South Africa,0.6666666666666666,338,12,9,6,534232
Bangladesh,0.16666666666666666,-157,0,6,1,587471
West Indies,0.4166666666666667,-212,-13,12,5,587472
West Indies,0.4166666666666667,-212,-13,12,5,587473
Bangladesh,0.16666666666666666,-157,0,6,1,587474
Bangladesh,0.16666666666666666,-157,0,6,1,587475
Pakistan,0.3333333333333333,-247,-8,15,5,589308
India,0.6428571428571429,-157,18,14,9,589309
Pakistan,0.3333333333333333,-247,-8,15,5,589310
India,0.6428571428571429,-157,18,14,9,565812
Sri Lanka,0.43478260869565216,-205,-4,23,10,573014
Sri Lanka,0.43478260869565216,-205,-4,23,10,573015
England,0.8333333333333334,85,38,12,10,565813
Sri Lanka,0.43478260869565216,-205,-4,23,10,573016
New Zealand,0.4,422,-17,10,4,567358
India,0.6428571428571429,-157,18,14,9,565814
South Africa,0.5555555555555556,80,7,9,5,567359
India,0.6428571428571429,-157,18,14,9,565815
Sri Lanka,0.43478260869565216,-205,-4,23,10,573018
South Africa,0.5555555555555556,80,7,9,5,567360
England,0.8333333333333334,85,38,12,10,565816
Australia,0.5263157894736842,327,-29,19,10,573022
West Indies,0.46153846153846156,-126,-13,13,6,573023
West Indies,0.46153846153846156,-126,-13,13,6,573024
Australia,0.5263157894736842,327,-29,19,10,573025
West Indies,0.46153846153846156,-126,-13,13,6,573026
New Zealand,0.4,422,-17,10,4,569240
England,0.8333333333333334,85,38,12,10,569241
England,0.8333333333333334,85,38,12,10,569242
West Indies,0.46153846153846156,-126,-13,13,6,593985
Pakistan,0.46153846153846156,-22,4,13,6,567368
Pakistan,0.46153846153846156,-22,4,13,6,567370
Pakistan,0.46153846153846156,-22,4,13,6,567371
South Africa,0.5555555555555556,212,-3,9,5,567372
Zimbabwe,0.0,-156,-5,2,0,623573
Zimbabwe,0.0,-156,-5,2,0,623574
Zimbabwe,0.0,-156,-5,2,0,623575
Pakistan,0.3076923076923077,-204,1,13,4,601613
New Zealand,0.4,16,-10,10,4,566923
England,0.625,-183,30,16,10,566924
New Zealand,0.4,16,-10,10,4,566925
South Africa,0.5454545454545454,212,0,11,6,578614
West Indies,0.4117647058823529,-28,-22,17,7,578615
Australia,0.625,300,-12,16,10,578616
New Zealand,0.4,16,-10,10,4,578617
Pakistan,0.3076923076923077,-204,1,13,4,578618
India,0.6153846153846154,84,1,13,8,578619
Sri Lanka,0.5,-60,12,12,6,578621
New Zealand,0.4,16,-10,10,4,578624
Australia,0.625,300,-12,16,10,578625
England,0.625,-183,30,16,10,566946
India,0.6153846153846154,84,1,13,8,566947
England,0.625,-183,30,16,10,566948
West Indies,0.4117647058823529,-28,-22,17,7,597923
West Indies,0.4117647058823529,-28,-22,17,7,597924
India,0.6153846153846154,84,1,13,8,597925
India,0.6153846153846154,84,1,13,8,597929
West Indies,0.4117647058823529,-28,-22,17,7,645635
Pakistan,0.3076923076923077,-204,1,13,4,645637
South Africa,0.5454545454545454,212,0,11,6,635653
India,0.6153846153846154,84,1,13,8,643665
Pakistan,0.4375,34,3,16,7,645643
Zimbabwe,0.4,-277,8,5,2,643667
Sri Lanka,0.5,-60,12,12,6,635655
India,0.6153846153846154,84,1,13,8,643669
Sri Lanka,0.5,-60,12,12,6,635656
South Africa,0.5454545454545454,212,0,11,6,635657
India,0.6153846153846154,84,1,13,8,643675
India,0.6153846153846154,84,1,13,8,643677
Zimbabwe,0.4,-277,8,5,2,659549
Netherlands,0.0,0,0,0,0,660827
Zimbabwe,0.4,-277,8,5,2,659551
Zimbabwe,0.4,-277,8,5,2,659553
England,0.47058823529411764,-117,-7,17,8,566940
Ireland,0.5,88,-2,2,1,660837
England,0.47058823529411764,-117,-7,17,8,566942
England,0.47058823529411764,-117,-7,17,8,566944
England,0.47058823529411764,-117,-7,17,8,566945
India,0.7,-29,44,20,14,647249
India,0.7,-29,44,20,14,647251
Australia,0.6363636363636364,181,2,11,7,647253
India,0.7,-29,44,20,14,647259
Pakistan,0.5294117647058824,232,0,17,9,649091
New Zealand,0.5454545454545454,69,-4,11,6,668955
South Africa,0.42857142857142855,-79,-12,14,6,649093
Australia,0.6363636363636364,181,2,11,7,647261
Bangladesh,0.5,206,-8,8,4,668957
Pakistan,0.5294117647058824,232,0,17,9,649095
Pakistan,0.5294117647058824,232,0,17,9,649097
Pakistan,0.5294117647058824,232,0,17,9,649099
India,0.7,-29,44,20,14,676529
West Indies,0.42105263157894735,-128,-17,19,8,676531
South Africa,0.42857142857142855,-79,-12,14,6,685731
South Africa,0.42857142857142855,-79,-12,14,6,685733
India,0.7,-29,44,20,14,676533
South Africa,0.42857142857142855,-79,-12,14,6,685735
India,0.7,-29,44,20,14,648651
India,0.7,-29,44,20,14,648653
Sri Lanka,0.5333333333333333,294,11,15,8,657637
Sri Lanka,0.5333333333333333,294,11,15,8,657639
Sri Lanka,0.5333333333333333,294,11,15,8,657641
Pakistan,0.5294117647058824,232,0,17,9,657643
West Indies,0.42105263157894735,-128,-17,19,8,661685
Sri Lanka,0.5333333333333333,294,11,15,8,657645
West Indies,0.42105263157894735,-128,-17,19,8,661689
New Zealand,0.42857142857142855,29,-10,14,6,661693
Australia,0.5555555555555556,226,-12,18,10,636159
Australia,0.5555555555555556,226,-12,18,10,636160
India,0.68,-362,70,25,17,667641
Australia,0.5555555555555556,226,-12,18,10,636161
Kenya,1.0,0,6,1,1,696733
Canada,0.0,0,-15,2,0,696731
Australia,0.5555555555555556,226,-12,18,10,636162
England,0.47368421052631576,-263,9,19,9,636163
Netherlands,0.5,-88,9,2,1,696747
New Zealand,0.42857142857142855,29,-10,14,6,667647
Scotland,0.0,-96,-1,2,0,696759
India,0.68,-362,70,25,17,667649
Bangladesh,0.6,161,-9,5,3,690355
Bangladesh,0.6,161,-9,5,3,690357
Sri Lanka,0.5294117647058824,322,-5,17,9,690359
West Indies,0.5714285714285714,-45,-5,14,8,702139
Pakistan,0.48148148148148145,157,-6,27,13,710291
India,0.68,-362,70,25,17,710293
Sri Lanka,0.5294117647058824,322,-5,17,9,710297
England,0.47368421052631576,-263,9,19,9,636533
Bangladesh,0.6,161,-9,5,3,710299
England,0.47368421052631576,-263,9,19,9,636534
Pakistan,0.48148148148148145,157,-6,27,13,710301
Afghanistan,0.0,0,0,0,0,710303
Pakistan,0.48148148148148145,157,-6,27,13,710305
India,0.68,-362,70,25,17,710307
West Indies,0.5714285714285714,-45,-5,14,8,636535
Sri Lanka,0.5294117647058824,322,-5,17,9,710309
Sri Lanka,0.5294117647058824,322,-5,17,9,710311
Ireland,0.4,88,-11,5,2,706767
England,0.45,-74,-7,20,9,667891
England,0.45,-74,-7,20,9,667893
England,0.45,-74,-7,20,9,667895
Sri Lanka,0.6666666666666666,524,11,24,16,667897
Sri Lanka,0.6666666666666666,524,11,24,16,730083
South Africa,0.5714285714285714,147,-4,14,8,730085
Sri Lanka,0.7083333333333334,511,15,24,17,730087
Zimbabwe,0.125,-256,-22,8,1,756037
Afghanistan,0.4,-99,-8,5,2,756039
Zimbabwe,0.125,-256,-22,8,1,756041
Zimbabwe,0.125,-256,-22,8,1,736437
Zimbabwe,0.125,-256,-22,8,1,736439
West Indies,0.5,34,-6,10,5,730287
South Africa,0.5714285714285714,147,-4,14,8,736441
Bangladesh,0.2222222222222222,-66,-14,9,2,730289
Zimbabwe,0.125,-256,-22,8,1,736443
Bangladesh,0.2222222222222222,-66,-14,9,2,730291
Pakistan,0.5238095238095238,258,-8,21,11,745161
South Africa,0.5714285714285714,147,-4,14,8,736445
Zimbabwe,0.125,-256,-22,8,1,736447
India,0.4117647058823529,-401,24,17,7,667725
Zimbabwe,0.125,-256,-22,8,1,736449
South Africa,0.5714285714285714,147,-4,14,8,736451
India,0.4117647058823529,-401,24,17,7,667727
Zimbabwe,0.125,-256,-22,8,1,736453
India,0.4117647058823529,-401,24,17,7,667729
South Africa,0.5714285714285714,147,-4,14,8,736455
Ireland,0.0,-79,-4,2,0,727935
Ireland,0.0,-79,-4,2,0,727937
Scotland,1.0,170,3,2,2,727939
Pakistan,0.5238095238095238,258,-8,21,11,727919
India,0.4117647058823529,-401,24,17,7,770121
Australia,0.6153846153846154,100,0,13,8,727921
West Indies,0.5,34,-6,10,5,770123
Pakistan,0.5238095238095238,258,-8,21,11,727923
West Indies,0.5,34,-6,10,5,770127
South Africa,0.7619047619047619,685,24,21,16,749771
New Zealand,0.5,27,1,8,4,749773
Sri Lanka,0.7272727272727273,341,8,22,16,792289
India,0.47368421052631576,-387,28,19,9,792291
India,0.47368421052631576,-387,28,19,9,792293
Sri Lanka,0.7272727272727273,341,8,22,16,792295
South Africa,0.7619047619047619,685,24,21,16,754723
India,0.47368421052631576,-387,28,19,9,792297
South Africa,0.7619047619047619,685,24,21,16,754725
South Africa,0.7619047619047619,685,24,21,16,754727
Zimbabwe,0.2,-576,2,10,2,760787
Australia,0.6923076923076923,302,3,13,9,754729
Zimbabwe,0.2,-576,2,10,2,760789
Zimbabwe,0.2,-576,2,10,2,760791
England,0.3333333333333333,-61,-22,15,5,750663
Zimbabwe,0.2,-576,2,10,2,760793
Sri Lanka,0.7272727272727273,341,8,22,16,750665
Bangladesh,0.0,-374,-21,10,0,760795
Sri Lanka,0.7272727272727273,341,8,22,16,750669
Pakistan,0.42857142857142855,13,-2,14,6,742619
England,0.3333333333333333,-61,-22,15,5,750671
New Zealand,0.5,27,1,8,4,742621
England,0.3333333333333333,-61,-22,15,5,750673
New Zealand,0.5,27,1,8,4,742623
England,0.3333333333333333,-61,-22,15,5,750675
Pakistan,0.42857142857142855,13,-2,14,6,742625
Pakistan,0.42857142857142855,13,-2,14,6,742627
Afghanistan,0.5,1,-14,8,4,812623
New Zealand,0.6,-33,2,10,6,749781
Ireland,0.4,-79,-2,5,2,810829
Afghanistan,0.5,1,-14,8,4,812645
Sri Lanka,0.6785714285714286,345,6,28,19,749783
Australia,0.6875,407,-3,16,11,754751
Ireland,0.4,-79,-2,5,2,810833
West Indies,0.6,275,4,10,6,722341
Australia,0.6875,407,-3,16,11,754749
New Zealand,0.6,-33,2,10,6,749787
England,0.3333333333333333,-61,-22,15,5,754753
South Africa,0.7058823529411765,253,26,17,12,722343
Sri Lanka,0.6785714285714286,345,6,28,19,749789
Australia,0.6875,407,-3,16,11,754755
West Indies,0.6,275,4,10,6,722345
Sri Lanka,0.6785714285714286,345,6,28,19,749791
West Indies,0.6,275,4,10,6,722347
New Zealand,0.6,-33,2,10,6,749793
England,0.3157894736842105,-315,-14,19,6,754759
New Zealand,0.6,-33,2,10,6,749795
England,0.3157894736842105,-315,-14,19,6,754761
Pakistan,0.42857142857142855,13,-2,14,6,749797
Sri Lanka,0.6785714285714286,345,6,28,19,656399
England,0.3157894736842105,-315,-14,19,6,656401
Zimbabwe,0.13333333333333333,-876,-3,15,2,656403
Pakistan,0.3125,-158,-14,16,5,656405
Ireland,0.4,-79,-2,5,2,656407
New Zealand,0.6,-33,2,10,6,656409
Afghanistan,0.46153846153846156,-78,-17,13,6,656411
Zimbabwe,0.13333333333333333,-876,-3,15,2,656413
New Zealand,0.6,-33,2,10,6,656415
Pakistan,0.3125,-158,-14,16,5,656417
South Africa,0.7058823529411765,253,26,17,12,656423
Sri Lanka,0.6785714285714286,345,6,28,19,656421
Scotland,0.6,170,1,5,3,656425
Ireland,0.4,-79,-2,5,2,656429
Bangladesh,0.35714285714285715,-61,-16,14,5,656433
Afghanistan,0.46153846153846156,-78,-17,13,6,656431
West Indies,0.6,275,4,10,6,656435
India,0.6111111111111112,153,34,18,11,656439
New Zealand,0.6,-33,2,10,6,656437
Zimbabwe,0.13333333333333333,-876,-3,15,2,656443
Sri Lanka,0.6785714285714286,345,6,28,19,656441
Ireland,0.4,-79,-2,5,2,656445
Afghanistan,0.46153846153846156,-78,-17,13,6,656449
United Arab Emirates,0.75,-70,13,4,3,656447
Bangladesh,0.35714285714285715,-61,-16,14,5,656451
India,0.6111111111111112,153,34,18,11,656453
Zimbabwe,0.13333333333333333,-876,-3,15,2,656457
New Zealand,0.6,-33,2,10,6,656459
Sri Lanka,0.6785714285714286,345,6,28,19,656461
England,0.3157894736842105,-315,-14,19,6,656463
India,0.6111111111111112,153,34,18,11,656465
Scotland,0.2,31,-23,10,2,656467
United Arab Emirates,0.75,-70,13,4,3,656469
New Zealand,0.7,267,21,20,14,656471
India,0.6111111111111112,153,34,18,11,656475
Australia,0.6875,407,-3,16,11,656477
Pakistan,0.3125,-158,-14,16,5,656481
West Indies,0.6,275,4,10,6,656479
South Africa,0.7058823529411765,253,26,17,12,656483
Bangladesh,0.35714285714285715,-61,-16,14,5,656485
Australia,0.7619047619047619,1021,5,21,16,656487
West Indies,0.4666666666666667,-101,-7,15,7,656489
India,0.75,470,41,20,15,656493
Australia,0.7619047619047619,1021,5,21,16,656495
Pakistan,0.29411764705882354,-295,-12,17,5,858485
Bangladesh,0.6,30,5,15,9,858487
Bangladesh,0.6,30,5,15,9,858489
Zimbabwe,0.15,-963,-5,20,3,868727
Pakistan,0.29411764705882354,-295,-12,17,5,868729
New Zealand,0.6956521739130435,410,17,23,16,743943
New Zealand,0.6956521739130435,410,17,23,16,743947
England,0.2631578947368421,-280,-35,19,5,743949
India,0.7272727272727273,484,41,22,16,870731
Bangladesh,0.6666666666666666,109,20,18,12,870735
South Africa,0.76,1080,43,25,19,817207
Zimbabwe,0.15,-963,-5,20,3,885959
Pakistan,0.3181818181818182,-333,-21,22,7,860269
Zimbabwe,0.15,-963,-5,20,3,885965
Bangladesh,0.6666666666666666,109,20,18,12,817209
Zimbabwe,0.15,-963,-5,20,3,885967
Sri Lanka,0.46153846153846156,-241,-3,26,12,860271
Sri Lanka,0.46153846153846156,-241,-3,26,12,860273
Pakistan,0.3181818181818182,-333,-21,22,7,860275
Pakistan,0.3181818181818182,-333,-21,22,7,860277
Zimbabwe,0.09090909090909091,-1053,-17,22,2,894287
New Zealand,0.6956521739130435,410,17,23,16,894289
Zimbabwe,0.09090909090909091,-1053,-17,22,2,894291
New Zealand,0.6551724137931034,238,16,29,19,848843
New Zealand,0.6551724137931034,238,16,29,19,848845
New Zealand,0.6551724137931034,238,16,29,19,848847
England,0.35,-70,-16,20,7,743977
England,0.35,-70,-16,20,7,743979
Australia,0.85,856,28,20,17,743981
England,0.35,-70,-16,20,7,743983
Australia,0.85,856,28,20,17,743985
Zimbabwe,0.09090909090909091,-1053,-17,22,2,919607
Pakistan,0.38461538461538464,-286,-10,26,10,919611
Zimbabwe,0.10526315789473684,-746,-16,19,2,919613
Zimbabwe,0.10526315789473684,-746,-16,19,2,919615
India,0.782608695652174,796,26,23,18,903593
Ireland,0.5,-267,-6,8,4,919617
South Africa,0.6666666666666666,864,16,21,14,903595
Zimbabwe,0.10526315789473684,-746,-16,19,2,924627
India,0.782608695652174,796,26,23,18,903597
Zimbabwe,0.10526315789473684,-746,-16,19,2,924629
Afghanistan,0.3,-459,-12,10,3,924633
South Africa,0.6666666666666666,864,16,21,14,903599
India,0.782608695652174,796,26,23,18,903601
Zimbabwe,0.10526315789473684,-746,-16,19,2,931390
Zimbabwe,0.10526315789473684,-746,-16,19,2,931392
Pakistan,0.38461538461538464,-286,-10,26,10,902641
Zimbabwe,0.10526315789473684,-746,-16,19,2,931394
Pakistan,0.38461538461538464,-286,-10,26,10,902643
England,0.3333333333333333,-141,-21,24,8,902645
Pakistan,0.38461538461538464,-286,-10,26,10,902647
Zimbabwe,0.20833333333333334,-768,-8,24,5,953335
New Zealand,0.68,300,29,25,17,914207
New Zealand,0.68,300,29,25,17,914209
Afghanistan,0.45454545454545453,-401,-6,11,5,953337
Sri Lanka,0.4444444444444444,-86,-8,18,8,914211
Afghanistan,0.45454545454545453,-401,-6,11,5,953339
Afghanistan,0.45454545454545453,-401,-6,11,5,953341
Sri Lanka,0.4444444444444444,-86,-8,18,8,914215
Afghanistan,0.45454545454545453,-401,-6,11,5,953343
Australia,0.8235294117647058,687,34,17,14,895807
Australia,0.8235294117647058,687,34,17,14,895809
Australia,0.8235294117647058,687,34,17,14,895811
India,0.6190476190476191,187,11,21,13,895813
India,0.6190476190476191,187,11,21,13,895815
Pakistan,0.4583333333333333,-312,3,24,11,914227
Australia,0.8235294117647058,687,34,17,14,914231
England,0.47058823529411764,352,-18,17,8,800471
Australia,0.8235294117647058,687,34,17,14,914233
Australia,0.8235294117647058,687,34,17,14,914235
South Africa,0.6875,798,2,16,11,800473
South Africa,0.6875,798,2,16,11,800475
South Africa,0.6875,798,2,16,11,800477
Australia,0.6153846153846154,-159,18,13,8,932851
Australia,0.6153846153846154,-159,18,13,8,932853
South Africa,0.6428571428571429,262,1,14,9,932855
India,0.4666666666666667,-58,-9,15,7,1007649
India,0.4666666666666667,-58,-9,15,7,1007651
West Indies,0.0,0,0,0,0,932857
India,0.4666666666666667,-58,-9,15,7,1007653
West Indies,0.0,0,0,0,0,932859
Ireland,0.3333333333333333,0,-5,3,1,913621
Australia,0.6153846153846154,-159,18,13,8,932863
South Africa,0.6428571428571429,262,1,14,9,932865
England,0.46153846153846156,149,-13,13,6,913625
West Indies,0.0,0,0,0,0,932867
Sri Lanka,0.3333333333333333,-6,-20,9,3,913631
Ireland,0.3333333333333333,0,-5,3,1,997961
Ireland,0.3333333333333333,0,-5,3,1,997965
Afghanistan,0.625,-75,1,8,5,997967
Scotland,0.0,0,0,0,0,997995
Ireland,0.3333333333333333,0,-5,3,1,913649
Australia,0.631578947368421,-112,26,19,12,995457
Australia,0.631578947368421,-112,26,19,12,995459
England,0.5333333333333333,271,-3,15,8,913655
Australia,0.631578947368421,-112,26,19,12,995461
Pakistan,0.42857142857142855,-118,7,7,3,913657
Australia,0.631578947368421,-112,26,19,12,995463
England,0.5333333333333333,271,-3,15,8,913659
Australia,0.631578947368421,-112,26,19,12,995465
Pakistan,0.42857142857142855,-118,7,7,3,913661
Hong Kong,1.0,89,0,1,1,1004285
Afghanistan,0.6363636363636364,31,1,11,7,1051297
Ireland,0.25,-497,-5,8,2,936131
Australia,0.631578947368421,-112,26,19,12,936133
Afghanistan,0.6363636363636364,31,1,11,7,1051299
South Africa,0.5714285714285714,230,4,14,8,936135
Afghanistan,0.6363636363636364,31,1,11,7,1051301
West Indies,0.42857142857142855,-97,-4,7,3,1050225
Australia,0.631578947368421,-112,26,19,12,936137
West Indies,0.42857142857142855,-97,-4,7,3,1050227
South Africa,0.5714285714285714,230,4,14,8,936139
Bangladesh,1.0,264,0,3,3,1029819
South Africa,0.5714285714285714,230,4,14,8,936141
England,0.5333333333333333,271,-3,15,8,1029821
Australia,0.631578947368421,-112,26,19,12,936143
England,0.5333333333333333,271,-3,15,8,1029823
India,0.45454545454545453,-222,18,11,5,1030219
India,0.45454545454545453,-222,18,11,5,1030221
India,0.45454545454545453,-222,18,11,5,1030223
India,0.45454545454545453,-222,18,11,5,1030225
New Zealand,0.75,320,5,8,6,1030227
Hong Kong,1.0,89,0,1,1,1026849
Sri Lanka,0.25,60,-35,12,3,1059710
Sri Lanka,0.25,60,-35,12,3,1059711
West Indies,0.42857142857142855,-97,-4,7,3,1059714
Sri Lanka,0.25,60,-35,12,3,1059716
New Zealand,0.75,320,5,8,6,1001371
New Zealand,0.75,320,5,8,6,1001373
New Zealand,0.75,320,5,8,6,1001375
Bangladesh,0.5,161,-6,6,3,1019973
Bangladesh,0.5,161,-6,6,3,1019975
New Zealand,0.5,-146,-8,16,8,1019977
Pakistan,0.5,211,-4,8,4,1000887
India,0.5833333333333334,140,36,12,7,1034819
Pakistan,0.5,211,-4,8,4,1000889
England,0.6153846153846154,278,10,13,8,1034821
Australia,0.56,-397,30,25,14,1000891
India,0.5833333333333334,140,36,12,7,1034823
Hong Kong,0.3333333333333333,39,0,3,1,1078659
Pakistan,0.5,211,-4,8,4,1000893
United Arab Emirates,0.0,-98,-7,2,0,1078660
United Arab Emirates,0.0,-98,-7,2,0,1078661
Pakistan,0.5,211,-4,8,4,1000895
South Africa,0.7333333333333333,429,20,15,11,936159
Australia,0.56,-397,30,25,14,1020013
Sri Lanka,0.4166666666666667,35,-12,12,5,936161
South Africa,0.7333333333333333,429,20,15,11,936163
Australia,0.6071428571428571,267,22,28,17,1020017
Sri Lanka,0.4166666666666667,35,-12,12,5,936165
Sri Lanka,0.4166666666666667,35,-12,12,5,936167
Zimbabwe,0.0,0,-41,5,0,1079247
South Africa,0.7333333333333333,429,20,15,11,1020031
Afghanistan,0.5,-42,2,6,3,1079248
South Africa,0.7333333333333333,429,20,15,11,1020033
New Zealand,0.5,-146,-8,16,8,1020035
New Zealand,0.5,-445,-9,16,8,1020037
United Arab Emirates,0.0,-98,-7,2,0,1080630
West Indies,0.36363636363636365,-231,-4,11,4,1027315
South Africa,0.7333333333333333,429,20,15,11,1020039
Ireland,0.14285714285714285,-703,-9,7,1,1080631
England,0.6153846153846154,278,10,13,8,1027317
West Indies,0.36363636363636365,-231,-4,11,4,1027319
Ireland,0.14285714285714285,-703,-9,7,1,1040491
Ireland,0.14285714285714285,-703,-9,7,1,1040493
Ireland,0.14285714285714285,-703,-9,7,1,1040495
Ireland,0.14285714285714285,-703,-9,7,1,1040497
Afghanistan,0.5,-42,2,6,3,1040499
Sri Lanka,0.4166666666666667,35,-12,12,5,1083446
Bangladesh,0.3333333333333333,17,-14,9,3,1083448
United Arab Emirates,0.3333333333333333,-183,-5,6,2,1068737
Papua New Guinea,0.5,-92,0,2,1,1089183
West Indies,0.36363636363636365,-231,-4,11,4,1077949
West Indies,0.36363636363636365,-231,-4,11,4,1077950
Pakistan,0.4166666666666667,46,-5,12,5,1077951
England,0.7333333333333333,499,19,15,11,1029001
Ireland,0.35714285714285715,-682,1,14,5,1029003
Ireland,0.35714285714285715,-682,1,14,5,1033363
New Zealand,0.5,-445,-8,18,9,1033365
Bangladesh,0.3333333333333333,17,-14,9,3,1033367
Ireland,0.35714285714285715,-682,1,14,5,1033369
Bangladesh,0.3333333333333333,17,-14,9,3,1033371
South Africa,0.7619047619047619,831,30,21,16,1031425
South Africa,0.7619047619047619,831,30,21,16,1031427
South Africa,0.7619047619047619,831,30,21,16,1031429
England,0.7333333333333333,499,19,15,11,1022347
Sri Lanka,0.3157894736842105,-234,-27,19,6,1022351
New Zealand,0.5,-445,-8,18,9,1022357
Sri Lanka,0.3157894736842105,-234,-27,19,6,1022361
West Indies,0.26666666666666666,-536,-8,15,4,1089779
Bangladesh,0.42857142857142855,37,-5,14,6,1022363
West Indies,0.26666666666666666,-536,-8,15,4,1089780
India,0.7272727272727273,175,43,11,8,1022367
Pakistan,0.4666666666666667,120,-3,15,7,1022369
Pakistan,0.4666666666666667,120,-3,15,7,1022371
India,0.7272727272727273,175,43,11,8,1022373
Zimbabwe,0.25,-51,-14,4,1,1089420
India,0.7272727272727273,175,43,11,8,1022375
West Indies,0.26666666666666666,-536,-8,15,4,1098207
Zimbabwe,0.25,-51,-14,4,1,1104478
West Indies,0.26666666666666666,-536,-8,15,4,1098208
Sri Lanka,0.3157894736842105,-234,-27,19,6,1104479
India,0.7272727272727273,175,43,11,8,1098209
India,0.7272727272727273,175,43,11,8,1098210
Sri Lanka,0.3157894736842105,-234,-27,19,6,1104480
Zimbabwe,0.25,-51,-14,4,1,1104482
India,0.625,182,34,16,10,1109605
India,0.625,182,34,16,10,1109607
Sri Lanka,0.34782608695652173,-344,-7,23,8,1109608
India,0.625,182,34,16,10,1109609
England,0.7058823529411765,454,5,17,12,1031667
Australia,0.5,333,-6,16,8,1119497
India,0.625,182,34,16,10,1119498
West Indies,0.25,-689,-10,16,4,1031671
India,0.625,182,34,16,10,1119499
England,0.7058823529411765,454,5,17,12,1031675
India,0.625,182,34,16,10,1119500
Sri Lanka,0.34782608695652173,-344,-7,23,8,1120286
South Africa,0.6666666666666666,424,17,15,10,1075504
Sri Lanka,0.34782608695652173,-344,-7,23,8,1120287
Bangladesh,0.36363636363636365,-124,-11,11,4,1075505
Pakistan,0.5454545454545454,19,12,11,6,1120288
Pakistan,0.5454545454545454,19,12,11,6,1120289
Bangladesh,0.36363636363636365,-124,-11,11,4,1075506
New Zealand,0.5,-297,-8,22,11,1120090
Pakistan,0.5454545454545454,19,12,11,6,1120290
India,0.7272727272727273,385,61,22,16,1120091
New Zealand,0.5,-297,-8,22,11,1120092
Ireland,0.3333333333333333,-305,-5,12,4,1125472
Papua New Guinea,0.5,-77,0,2,1,1124089
Afghanistan,0.5555555555555556,178,-6,9,5,1125473
Ireland,0.3333333333333333,-305,-5,12,4,1125474
Sri Lanka,0.2692307692307692,-709,-26,26,7,1122726
Sri Lanka,0.2692307692307692,-709,-26,26,7,1122727
India,0.7272727272727273,385,61,22,16,1122728
New Zealand,0.5,-297,-8,22,11,1115795
West Indies,0.2,-679,-26,15,3,1115796
Ireland,0.3333333333333333,-305,-5,12,4,1131274
United Arab Emirates,0.5,-8,2,6,3,1131275
Pakistan,0.6875,134,35,16,11,1115804
England,0.7647058823529411,591,17,17,13,1072310
Bangladesh,0.36363636363636365,-284,-13,11,4,1130737
Ireland,0.3333333333333333,-305,-5,12,4,1131276
New Zealand,0.6,169,4,20,12,1115805
Sri Lanka,0.19230769230769232,-789,-50,26,5,1130738
Scotland,0.0,0,-17,3,0,1131277
Pakistan,0.6875,134,35,16,11,1115806
Sri Lanka,0.19230769230769232,-789,-50,26,5,1130739
England,0.7647058823529411,591,17,17,13,1072311
Sri Lanka,0.19230769230769232,-789,-50,26,5,1130740
Australia,0.4,84,-11,10,4,1072312
United Arab Emirates,0.5,-8,2,6,3,1131278
Zimbabwe,0.5714285714285714,-51,0,7,4,1130741
United Arab Emirates,0.5,-8,2,6,3,1131279
Sri Lanka,0.19230769230769232,-789,-50,26,5,1130742
Australia,0.4,84,-11,10,4,1072313
Bangladesh,0.36363636363636365,-284,-13,11,4,1130743
Australia,0.4,84,-11,10,4,1072314
India,0.7272727272727273,351,52,22,16,1122279
India,0.7272727272727273,351,52,22,16,1122280
South Africa,0.7058823529411765,728,19,17,12,1122281
Zimbabwe,0.5714285714285714,-51,0,7,4,1134033
Afghanistan,0.5,265,-11,12,6,1134034
South Africa,0.7058823529411765,728,19,17,12,1122283
Afghanistan,0.5,265,-11,12,6,1134035
Afghanistan,0.5,265,-11,12,6,1134036
India,0.7272727272727273,351,52,22,16,1122284
Zimbabwe,0.5714285714285714,-51,0,7,4,1134037
New Zealand,0.5882352941176471,391,5,17,10,1115775
England,0.7647058823529411,591,17,17,13,1115776
New Zealand,0.5882352941176471,391,5,17,10,1115777
Scotland,0.0,0,-17,3,0,1133001
United Arab Emirates,0.5,-8,2,6,3,1133003
Scotland,0.0,0,-17,3,0,1133005
Afghanistan,0.5,265,-11,12,6,1133004
Ireland,0.47058823529411764,-386,2,17,8,1133002
New Zealand,0.5882352941176471,391,5,17,10,1115778
West Indies,0.2,-838,-27,15,3,1133007
England,0.7647058823529411,591,17,17,13,1115779
Hong Kong,1.0,23,0,1,1,1133012
Ireland,0.47058823529411764,-386,2,17,8,1133010
United Arab Emirates,0.2857142857142857,-81,0,7,2,1133019
Afghanistan,0.5,265,-11,12,6,1133018
Ireland,0.47058823529411764,-386,2,17,8,1133022
Hong Kong,1.0,23,0,1,1,1133023
Scotland,0.5,80,-5,8,4,1133025
West Indies,0.2,-838,-27,15,3,1133026
Afghanistan,0.5,265,-11,12,6,1133027
Afghanistan,0.5,265,-11,12,6,1133030
Afghanistan,0.5,265,-11,12,6,1133031
England,0.7142857142857143,156,19,14,10,1119537
Australia,0.2222222222222222,-57,-18,9,2,1119538
Australia,0.2222222222222222,-57,-18,9,2,1119539
England,0.7142857142857143,156,19,14,10,1119540
England,0.7142857142857143,156,19,14,10,1119541
India,0.8421052631578947,541,57,19,16,1119546
Zimbabwe,0.38461538461538464,-27,-33,13,5,1142920
India,0.8421052631578947,541,57,19,16,1119547
Pakistan,0.625,-83,18,8,5,1142921
England,0.7142857142857143,156,19,14,10,1119548
Pakistan,0.625,-83,18,8,5,1142922
Zimbabwe,0.38461538461538464,-27,-33,13,5,1142923
West Indies,0.36363636363636365,-216,-21,11,4,1146720
Zimbabwe,0.38461538461538464,-27,-33,13,5,1142924
Bangladesh,0.375,-129,-12,8,3,1146721
West Indies,0.36363636363636365,-216,-21,11,4,1146722
South Africa,0.375,107,-13,8,3,1142584
South Africa,0.375,107,-13,8,3,1142585
Sri Lanka,0.23529411764705882,-520,-30,17,4,1142586
South Africa,0.375,107,-13,8,3,1142588
Ireland,0.6666666666666666,-130,14,12,8,1150146
Ireland,0.6666666666666666,-130,14,12,8,1150147
Afghanistan,0.6428571428571429,231,24,14,9,1150148
Sri Lanka,0.23529411764705882,-520,-30,17,4,1153243
Pakistan,0.7692307692307693,493,36,13,10,1153244
Sri Lanka,0.23529411764705882,-520,-30,17,4,1153245
Hong Kong,0.25,-124,-4,4,1,1153246
India,0.7222222222222222,287,36,18,13,1153247
Bangladesh,0.375,-129,-12,8,3,1153248
India,0.7222222222222222,287,36,18,13,1153249
Pakistan,0.7692307692307693,493,36,13,10,1153250
India,0.7222222222222222,287,36,18,13,1153251
Afghanistan,0.6428571428571429,231,24,14,9,1153252
Pakistan,0.7692307692307693,493,36,13,10,1153254
India,0.7222222222222222,287,36,18,13,1153255
South Africa,0.5,7,-4,12,6,1144146
Zimbabwe,0.2777777777777778,-603,-51,18,5,1144147
South Africa,0.5,7,-4,12,6,1144148
England,0.7777777777777778,398,21,18,14,1140381
Zimbabwe,0.2777777777777778,-603,-51,18,5,1153635
India,0.7222222222222222,287,36,18,13,1157754
Bangladesh,0.42857142857142855,-65,-19,14,6,1153636
Bangladesh,0.42857142857142855,-65,-19,14,6,1153637
India,0.7222222222222222,287,36,18,13,1157756
West Indies,0.45454545454545453,-155,-5,11,5,1157757
India,0.7222222222222222,287,36,18,13,1157758
South Africa,0.5,7,-4,12,6,1144986
Pakistan,0.7692307692307693,493,36,13,10,1157378
Pakistan,0.7692307692307693,493,36,13,10,1157379
South Africa,0.5,7,-4,12,6,1144987
Australia,0.1,-308,-16,10,1,1144988
Bangladesh,0.6470588235294118,307,2,17,11,1153314
West Indies,0.45454545454545453,-155,-5,11,5,1153315
Bangladesh,0.6470588235294118,307,2,17,11,1153316
Sri Lanka,0.3333333333333333,-224,-1,12,4,1153840
Sri Lanka,0.3333333333333333,-224,-1,12,4,1153841
Sri Lanka,0.3333333333333333,-224,-1,12,4,1153842
India,0.8235294117647058,318,67,17,14,1144997
India,0.8235294117647058,318,67,17,14,1144998
India,0.8235294117647058,318,67,17,14,1144999
Pakistan,0.6153846153846154,477,18,13,8,1144156
South Africa,0.5333333333333333,-144,1,15,8,1144157
United Arab Emirates,0.25,-55,-5,4,1,1170454
New Zealand,0.6666666666666666,307,-6,12,8,1153692
United Arab Emirates,0.25,-55,-5,4,1,1170455
Pakistan,0.6153846153846154,477,18,13,8,1144159
India,0.8235294117647058,318,67,17,14,1153693
Nepal,0.0,-78,0,1,0,1170456
South Africa,0.5333333333333333,-144,1,15,8,1144160
New Zealand,0.6666666666666666,307,-6,12,8,1153694
New Zealand,0.6666666666666666,307,-6,12,8,1153695
New Zealand,0.6666666666666666,307,-6,12,8,1153844
New Zealand,0.6666666666666666,307,-6,12,8,1153845
England,0.7857142857142857,370,22,14,11,1158066
Bangladesh,0.6666666666666666,132,13,15,10,1153846
England,0.7857142857142857,370,22,14,11,1158067
West Indies,0.4375,-132,-26,16,7,1158069
Afghanistan,0.6153846153846154,251,15,13,8,1168115
India,0.8235294117647058,318,67,17,14,1168242
West Indies,0.4375,-132,-26,16,7,1158070
South Africa,0.5333333333333333,-144,1,15,8,1144167
Australia,0.15384615384615385,-341,-22,13,2,1168243
Ireland,0.375,-163,-6,8,3,1168117
Sri Lanka,0.09090909090909091,-309,-24,11,1,1144168
Ireland,0.375,-163,-6,8,3,1168118
India,0.8235294117647058,318,67,17,14,1168244
Australia,0.15384615384615385,-341,-22,13,2,1168245
Ireland,0.375,-163,-6,8,3,1168119
South Africa,0.5333333333333333,-144,1,15,8,1144170
India,0.6956521739130435,188,58,23,16,1168246
Australia,0.26666666666666666,-255,-31,15,4,1174238
Australia,0.26666666666666666,-255,-31,15,4,1174239
Pakistan,0.625,492,19,16,10,1174240
Pakistan,0.625,492,19,16,10,1174241
Pakistan,0.625,492,19,16,10,1174242
Zimbabwe,0.0,-724,-41,11,0,1179272
England,0.7692307692307693,369,16,13,10,1161014
Ireland,0.42857142857142855,-138,-1,7,3,1168508
Bangladesh,0.5555555555555556,44,-3,18,10,1168509
West Indies,0.35714285714285715,-247,-25,14,5,1168511
Pakistan,0.625,492,19,16,10,1152842
Bangladesh,0.5555555555555556,44,-3,18,10,1168512
England,0.7692307692307693,369,16,13,10,1152843
Bangladesh,0.5555555555555556,44,-3,18,10,1168513
England,0.7692307692307693,369,16,13,10,1152844
Afghanistan,0.5454545454545454,362,-2,11,6,1168515
Pakistan,0.625,492,19,16,10,1152845
Ireland,0.42857142857142855,-138,-1,7,3,1168516
South Africa,0.7647058823529411,166,37,17,13,1144483
West Indies,0.35714285714285715,-247,-25,14,5,1144484
Australia,0.47619047619047616,-114,-15,21,10,1144486
New Zealand,0.6666666666666666,191,11,12,8,1144485
South Africa,0.7647058823529411,166,37,17,13,1144487
England,0.7692307692307693,369,16,13,10,1144488
New Zealand,0.6666666666666666,191,11,12,8,1144491
India,0.6666666666666666,153,58,24,16,1144490
West Indies,0.35714285714285715,-247,-25,14,5,1144492
Bangladesh,0.5555555555555556,44,-3,18,10,1144494
New Zealand,0.6666666666666666,191,11,12,8,1144495
Australia,0.47619047619047616,-114,-15,21,10,1144496
Pakistan,0.4,320,-6,25,10,1144499
England,0.7692307692307693,369,16,13,10,1144501
Sri Lanka,0.07692307692307693,-422,-30,13,1,1144502
Bangladesh,0.5555555555555556,44,-3,18,10,1144505
Afghanistan,0.5454545454545454,362,-2,11,6,1144506
New Zealand,0.6666666666666666,191,11,12,8,1144507
Bangladesh,0.5555555555555556,44,-3,18,10,1144508
England,0.7692307692307693,369,16,13,10,1144509
West Indies,0.35714285714285715,-247,-25,14,5,1144511
Afghanistan,0.5454545454545454,362,-2,11,6,1144510
South Africa,0.7647058823529411,166,37,17,13,1144512
Afghanistan,0.5454545454545454,362,-2,11,6,1144513
England,0.7692307692307693,369,16,13,10,1144514
Pakistan,0.4,320,-6,25,10,1144515
West Indies,0.35714285714285715,-247,-25,14,5,1144516
South Africa,0.7647058823529411,166,37,17,13,1144517
Pakistan,0.4,320,-6,25,10,1144518
New Zealand,0.6666666666666666,191,11,12,8,1144519
India,0.6666666666666666,153,58,24,16,1144520
Ireland,0.42857142857142855,-138,-1,7,3,1168517
West Indies,0.35714285714285715,-247,-25,14,5,1144521
Bangladesh,0.5555555555555556,44,-3,18,10,1144522
New Zealand,0.6666666666666666,191,11,12,8,1144523
Afghanistan,0.5454545454545454,362,-2,11,6,1144524
Zimbabwe,0.08333333333333333,-724,-34,12,1,1168518
Bangladesh,0.5555555555555556,44,-3,18,10,1144525
Australia,0.47619047619047616,-114,-15,21,10,1144527
India,0.6666666666666666,153,58,24,16,1144526
Ireland,0.35714285714285715,-388,-12,14,5,1168519
India,0.6666666666666666,153,58,24,16,1144528
England,0.7272727272727273,567,27,22,16,1144529
Bangladesh,0.5555555555555556,-194,21,27,15,1193504
Sri Lanka,0.07692307692307693,-422,-30,13,1,1193505
Bangladesh,0.5555555555555556,-194,21,27,15,1193506
Scotland,0.0,0,0,0,0,1196672
Papua New Guinea,1.0,0,5,1,1,1196674
United States of America,0.0,0,-5,1,0,1199226
Papua New Guinea,1.0,0,5,1,1,1199227
Namibia,1.0,145,0,1,1,1199229
Papua New Guinea,1.0,0,5,1,1,1199230
Sri Lanka,0.3125,-125,-40,16,5,1198487
Pakistan,0.36363636363636365,-103,-16,22,8,1198488
West Indies,0.3684210526315789,48,-24,19,7,1193497
Afghanistan,0.23076923076923078,-83,-21,13,3,1193498
West Indies,0.3684210526315789,48,-24,19,7,1193499
United States of America,0.6666666666666666,62,0,3,2,1206059
Scotland,0.75,123,-5,4,3,1206060
United Arab Emirates,0.25,-145,-8,4,1,1206062
Scotland,0.75,123,-5,4,3,1206063
United Arab Emirates,0.25,-145,-8,4,1,1206064
West Indies,0.3684210526315789,48,-24,19,7,1187021
West Indies,0.3684210526315789,48,-24,19,7,1187022
India,0.65,183,27,20,13,1187023
Namibia,0.75,172,-1,4,3,1211170
West Indies,0.45454545454545453,-12,1,22,10,1203673
United Arab Emirates,0.25,-145,-8,4,1,1211173
West Indies,0.45454545454545453,-12,1,22,10,1203674
Australia,0.6818181818181818,460,0,22,15,1187027
Australia,0.6818181818181818,460,0,22,15,1187028
India,0.65,183,27,20,13,1187029
South Africa,0.5,-51,13,10,5,1185310
New Zealand,0.75,-94,33,12,9,1187682
Oman,0.6,-230,16,5,3,1215123
United States of America,0.6666666666666666,62,0,3,2,1215124
India,0.65,183,27,20,13,1187683
England,0.7368421052631579,481,28,19,14,1185312
Oman,0.6,-230,16,5,3,1215125
United States of America,0.5555555555555556,160,-7,9,5,1215126
New Zealand,0.75,-94,33,12,9,1187684
Nepal,0.0,0,0,0,0,1215127
Sri Lanka,0.35714285714285715,-11,-38,14,5,1213871
West Indies,0.45454545454545453,-12,1,22,10,1213872
Australia,0.6818181818181818,460,0,22,15,1185319
Zimbabwe,0.2,-5,-6,5,1,1214667
West Indies,0.45454545454545453,-12,1,22,10,1213873
Zimbabwe,0.2,-5,-6,5,1,1214668
South Africa,0.5,-51,13,10,5,1185320
South Africa,0.5,-51,13,10,5,1185321
New Zealand,0.75,-94,33,12,9,1183537
England,0.5,0,-5,2,1,1198247
England,0.5,0,-5,2,1,1198248
Ireland,0.0,0,-6,2,0,1198249
England,0.5,0,-5,2,1,1198238
Australia,0.2857142857142857,-39,-9,7,2,1198239
Australia,0.2857142857142857,-39,-9,7,2,1198240
Pakistan,0.0,0,0,0,0,1233462
India,0.4444444444444444,121,-16,9,4,1223955
India,0.4444444444444444,121,-16,9,4,1223956
